Workbook

Sheet RAW_HNSCC_METADATA_NEW_v11
A1: ID | B1: Type of Visit | C1: Diagnosis | D1: OGID | E1: cfDNA Isolation Date | F1: WGS Library Prep Date | G1: Date of Diagnosis | H1: Date of Consent | I1: Neoadj Pembro | J1: Surgery Date | K1: Radiation Start | L1: Radiation End | M1: Wk1 pembro | N1: Date off Treatment | O1: Withdrawal Date | P1: OLD Last Known Alive | Q1: Last known alive | R1: OLD Date of Recurrence | S1: Date of Recurrence | T1: OLD Date of Death | U1: Date of Death | V1: OLD E_Relapse | W1: E_Relapse | X1: OLD E_Survival | Y1: E_Survival | Z1: OLD Relapse Months (Neoadjuvant) | AA1: Relapse Months (Neoadjuvant) | AB1: OLD Survival Months (Neoadjuvant) | AC1: Survival Months (Neoadjuvant) | AD1: OLD Relapse Months (Surgery) | AE1: Relapse Months (Surgery) | AF1: OLD Survival Months (Surgery) | AG1: Survival Months (Surgery) | AH1: OLD Relapse Months (Adjuvant) | AI1: Relapse Months (Adjuvant) | AJ1: OLD Survival Months (Adjuvant) | AK1: Survival Months (Adjuvant) | AL1: Pilot | AM1: Institute | AN1: Physician Hold-Out | AO1: Patient Number | AP1: Age | AQ1: Gender | AR1: Race | AS1: Smoking | AT1: Ethnicity | AU1: Alcohol | AV1: TNM | AW1: Stratification | AX1: HPV | AY1: PDL1 IHC | AZ1: Response Rate Categorized | BA1: Response Rate Real | BB1: Treatment Response | BC1: cfDNA Concentration (ng/uL) | BD1: Plasma Collection Date | BE1: cfDNA Volume (uL) | BF1: Need Volume (uL) | BG1: Add Low TE | BH1: WGS library concentration (10cycles, ng/uL) | BI1: Pool Volume | BJ1: Index | BK1: i7 | BL1: i5
A2: Pilot2_3 | B2: =VLOOKUP(A2, IDSLOOKUP!C:E, 2, FALSE) -> Screen | C2: =VLOOKUP(D2, METADATALOOKUP!$A:$AI, 13, FALSE) -> Oral Cavity | D2: =VLOOKUP(A2, IDSLOOKUP!C:E, 3, FALSE) -> HN01-37 | E2: =VLOOKUP(A2,CFDNALOOKUP!AG:AI,2,FALSE) -> 44090 | F2: =VLOOKUP(A2,CFDNALOOKUP!AG:AI,3,FALSE) -> 44179 | G2: =VLOOKUP(D2, SURVLOOKUP!$A:$Q, 2, FALSE) -> 43514 | H2: =VLOOKUP(D2, SURVLOOKUP!$A:$Q, 3, FALSE) -> 43531 | I2: =VLOOKUP(D2, SURVLOOKUP!$A:$Q, 4, FALSE) -> 43535 | J2: =VLOOKUP(D2, SURVLOOKUP!$A:$Q, 5, FALSE) -> 43542 | K2: =VLOOKUP(D2, SURVLOOKUP!$A:$Q, 6, FALSE) -> 43586 | L2: =VLOOKUP(D2, SURVLOOKUP!$A:$Q, 7, FALSE) -> 43628 | M2: =VLOOKUP(D2, SURVLOOKUP!$A:$Q, 8, FALSE) -> 43581 | N2: =VLOOKUP(D2, SURVLOOKUP!$A:$Q, 9, FALSE) -> 43683 | O2: =VLOOKUP(D2, SURVLOOKUP!$A:$Q, 10, FALSE) -> NA | P2: =VLOOKUP(D2, OLDSURVLOOKUP!$A:$AA, 19, FALSE) -> 44130 | Q2: =VLOOKUP(D2, SURVLOOKUP!$A:$Q, 11, FALSE) -> 44130 | R2: =VLOOKUP(D2, OLDSURVLOOKUP!$A:$AA, 20, FALSE) -> 43899 | S2: =VLOOKUP(D2, SURVLOOKUP!$A:$Q, 12, FALSE) -> 43899 | T2: =VLOOKUP(D2, OLDSURVLOOKUP!$A:$AA, 21, FALSE) -> 44131 | U2: =VLOOKUP(D2, SURVLOOKUP!$A:$Q, 13, FALSE) -> 44131 | V2: =_xlfn.XLOOKUP(D2, OLDSURVLOOKUP!$A:$A, OLDSURVLOOKUP!V:V) -> 1 | W2: =VLOOKUP(D2, SURVLOOKUP!$A:$Q, 14, FALSE) -> 1 | X2: =_xlfn.XLOOKUP(D2, OLDSURVLOOKUP!$A:$A, OLDSURVLOOKUP!X:X) -> 1 | Y2: =VLOOKUP(D2, SURVLOOKUP!$A:$Q, 15, FALSE) -> 1 | Z2: =IF(V2=0, DATEDIF(I2,P2,"M")+DATEDIF(I2,P2,"MD")/DAY(EOMONTH(I2,0)), DATEDIF(I2,R2,"M")+DATEDIF(I2,R2,"MD")/DAY(EOMONTH(I2,0))) -> 11.870968 | AA2: =IF(W2=0, DATEDIF(I2,Q2,"M")+DATEDIF(I2,Q2,"MD")/DAY(EOMONTH(I2,0)), DATEDIF(I2,S2,"M")+DATEDIF(I2,S2,"MD")/DAY(EOMONTH(I2,0))) -> 11.870968 | AB2: =IF(X2=0, DATEDIF(I2,P2,"M")+DATEDIF(I2,P2,"MD")/DAY(EOMONTH(I2,0)), DATEDIF(I2,T2,"M")+DATEDIF(I2,T2,"MD")/DAY(EOMONTH(I2,0))) -> 19.516129 | AC2: =IF(Y2=0, DATEDIF(I2,Q2,"M")+DATEDIF(I2,Q2,"MD")/DAY(EOMONTH(I2,0)), DATEDIF(I2,U2,"M")+DATEDIF(I2,U2,"MD")/DAY(EOMONTH(I2,0))) -> 19.516129 | AD2: =IF(V2=0, DATEDIF(J2,P2,"M")+DATEDIF(J2,P2,"MD")/DAY(EOMONTH(J2,0)), DATEDIF(J2,R2,"M")+DATEDIF(J2,R2,"MD")/DAY(EOMONTH(J2,0))) -> 11.645161 | AE2: =IF(W2=0, DATEDIF(J2,Q2,"M")+DATEDIF(J2,Q2,"MD")/DAY(EOMONTH(J2,0)), DATEDIF(J2,S2,"M")+DATEDIF(J2,S2,"MD")/DAY(EOMONTH(J2,0))) -> 11.645161 | AF2: =IF(X2=0, DATEDIF(J2,P2,"M")+DATEDIF(J2,P2,"MD")/DAY(EOMONTH(J2,0)), DATEDIF(J2,T2,"M")+DATEDIF(J2,T2,"MD")/DAY(EOMONTH(J2,0))) -> 19.290323 | AG2: =IF(Y2=0, DATEDIF(J2,Q2,"M")+DATEDIF(J2,Q2,"MD")/DAY(EOMONTH(J2,0)), DATEDIF(J2,U2,"M")+DATEDIF(J2,U2,"MD")/DAY(EOMONTH(J2,0))) -> 19.290323 | AH2: =IF(V2=0, DATEDIF(M2,P2,"M")+DATEDIF(M2,P2,"MD")/DAY(EOMONTH(M2,0)), DATEDIF(M2,R2,"M")+DATEDIF(M2,R2,"MD")/DAY(EOMONTH(M2,0))) -> 10.4 | AI2: =IF(W2=0, DATEDIF(M2,Q2,"M")+DATEDIF(M2,Q2,"MD")/DAY(EOMONTH(M2,0)), DATEDIF(M2,S2,"M")+DATEDIF(M2,S2,"MD")/DAY(EOMONTH(M2,0))) -> 10.4 | AJ2: =IF(X2=0, DATEDIF(M2,P2,"M")+DATEDIF(M2,P2,"MD")/DAY(EOMONTH(M2,0)), DATEDIF(M2,T2,"M")+DATEDIF(M2,T2,"MD")/DAY(EOMONTH(M2,0))) -> 18.033333 | AK2: =IF(Y2=0, DATEDIF(M2,Q2,"M")+DATEDIF(M2,Q2,"MD")/DAY(EOMONTH(M2,0)), DATEDIF(M2,U2,"M")+DATEDIF(M2,U2,"MD")/DAY(EOMONTH(M2,0))) -> 18.033333 | AL2: =IF(MID(A2,FIND("_",A2)-1,1)="2", 2, 1) -> 2 | AM2: =IFERROR( CHOOSE( VALUE(MID(D2, FIND("-", D2) - 1, 1)), "University of Cincinnati", "Ohio State University", "Medical University of South Carolina", "University of Michigan", "University of Louisville", "MD Anderson" ), "Unknown" ) -> University of Cincinnati | AN2: 0 | AO2: 1 | AP2: =VLOOKUP(D2, METADATALOOKUP!$A:$AI, 7, FALSE) -> 44 | AQ2: =VLOOKUP(D2, METADATALOOKUP!$A:$AI, 8, FALSE) -> Female | AR2: =VLOOKUP(D2, METADATALOOKUP!$A:$AI, 9, FALSE) -> White | AS2: =VLOOKUP(D2, METADATALOOKUP!$A:$AI, 11, FALSE) -> Yes | AT2: =VLOOKUP(D2, METADATALOOKUP!$A:$AI, 10, FALSE) -> Non-Hispanic | AU2: =VLOOKUP(D2, METADATALOOKUP!$A:$AI, 12, FALSE) -> No | AV2: =VLOOKUP(D2, METADATALOOKUP!$A:$AI, 14, FALSE) -> T3N2cM0 | AW2: =VLOOKUP(D2, METADATALOOKUP!$A:$AI, 6, FALSE) -> High | AX2: =VLOOKUP(D2, METADATALOOKUP!$A:$AI, 19, FALSE) -> Unknown | AY2: =LOOKUP(D2, SURVLOOKUP!$A:$A, SURVLOOKUP!$P:$P) -> 1 | AZ2: 0 | BA2: =TEXT(VLOOKUP(D2, METADATALOOKUP!$A:$AI, 34, FALSE), "@") -> <10% | BB2: =IF(AZ2=0, "Non-Responder", "Responder") -> Non-Responder | BC2: 0.05 | BE2: 24 | BF2: 15 | BG2: 35 | BH2: 16.6 | BI2: 1.506024 | BJ2: UDI0213 | BK2: AAGCAGAC | BL2: GCTAAGAA
A3: Pilot2_4 | B3: =VLOOKUP(A3, IDSLOOKUP!C:E, 2, FALSE) -> Day 0 | C3: =VLOOKUP(D3, METADATALOOKUP!$A:$AI, 13, FALSE) -> Oral Cavity | D3: =VLOOKUP(A3, IDSLOOKUP!C:E, 3, FALSE) -> HN01-37 | E3: =VLOOKUP(A3,CFDNALOOKUP!AG:AI,2,FALSE) -> 44090 | F3: =VLOOKUP(A3,CFDNALOOKUP!AG:AI,3,FALSE) -> 44180 | G3: =VLOOKUP(D3, SURVLOOKUP!$A:$Q, 2, FALSE) -> 43514 | H3: =VLOOKUP(D3, SURVLOOKUP!$A:$Q, 3, FALSE) -> 43531 | I3: =VLOOKUP(D3, SURVLOOKUP!$A:$Q, 4, FALSE) -> 43535 | J3: =VLOOKUP(D3, SURVLOOKUP!$A:$Q, 5, FALSE) -> 43542 | K3: =VLOOKUP(D3, SURVLOOKUP!$A:$Q, 6, FALSE) -> 43586 | L3: =VLOOKUP(D3, SURVLOOKUP!$A:$Q, 7, FALSE) -> 43628 | M3: =VLOOKUP(D3, SURVLOOKUP!$A:$Q, 8, FALSE) -> 43581 | N3: =VLOOKUP(D3, SURVLOOKUP!$A:$Q, 9, FALSE) -> 43683 | O3: =VLOOKUP(D3, SURVLOOKUP!$A:$Q, 10, FALSE) -> NA | P3: =VLOOKUP(D3, OLDSURVLOOKUP!$A:$AA, 19, FALSE) -> 44130 | Q3: =VLOOKUP(D3, SURVLOOKUP!$A:$Q, 11, FALSE) -> 44130 | R3: =VLOOKUP(D3, OLDSURVLOOKUP!$A:$AA, 20, FALSE) -> 43899 | S3: =VLOOKUP(D3, SURVLOOKUP!$A:$Q, 12, FALSE) -> 43899 | T3: =VLOOKUP(D3, OLDSURVLOOKUP!$A:$AA, 21, FALSE) -> 44131 | U3: =VLOOKUP(D3, SURVLOOKUP!$A:$Q, 13, FALSE) -> 44131 | V3: =_xlfn.XLOOKUP(D3, OLDSURVLOOKUP!$A:$A, OLDSURVLOOKUP!V:V) -> 1 | W3: =VLOOKUP(D3, SURVLOOKUP!$A:$Q, 14, FALSE) -> 1 | X3: =_xlfn.XLOOKUP(D3, OLDSURVLOOKUP!$A:$A, OLDSURVLOOKUP!X:X) -> 1 | Y3: =VLOOKUP(D3, SURVLOOKUP!$A:$Q, 15, FALSE) -> 1 | Z3: =IF(V3=0, DATEDIF(I3,P3,"M")+DATEDIF(I3,P3,"MD")/DAY(EOMONTH(I3,0)), DATEDIF(I3,R3,"M")+DATEDIF(I3,R3,"MD")/DAY(EOMONTH(I3,0))) -> 11.870968 | AA3: =IF(W3=0, DATEDIF(I3,Q3,"M")+DATEDIF(I3,Q3,"MD")/DAY(EOMONTH(I3,0)), DATEDIF(I3,S3,"M")+DATEDIF(I3,S3,"MD")/DAY(EOMONTH(I3,0))) -> 11.870968 | AB3: =IF(X3=0, DATEDIF(I3,P3,"M")+DATEDIF(I3,P3,"MD")/DAY(EOMONTH(I3,0)), DATEDIF(I3,T3,"M")+DATEDIF(I3,T3,"MD")/DAY(EOMONTH(I3,0))) -> 19.516129 | AC3: =IF(Y3=0, DATEDIF(I3,Q3,"M")+DATEDIF(I3,Q3,"MD")/DAY(EOMONTH(I3,0)), DATEDIF(I3,U3,"M")+DATEDIF(I3,U3,"MD")/DAY(EOMONTH(I3,0))) -> 19.516129 | AD3: =IF(V3=0, DATEDIF(J3,P3,"M")+DATEDIF(J3,P3,"MD")/DAY(EOMONTH(J3,0)), DATEDIF(J3,R3,"M")+DATEDIF(J3,R3,"MD")/DAY(EOMONTH(J3,0))) -> 11.645161 | AE3: =IF(W3=0, DATEDIF(J3,Q3,"M")+DATEDIF(J3,Q3,"MD")/DAY(EOMONTH(J3,0)), DATEDIF(J3,S3,"M")+DATEDIF(J3,S3,"MD")/DAY(EOMONTH(J3,0))) -> 11.645161 | AF3: =IF(X3=0, DATEDIF(J3,P3,"M")+DATEDIF(J3,P3,"MD")/DAY(EOMONTH(J3,0)), DATEDIF(J3,T3,"M")+DATEDIF(J3,T3,"MD")/DAY(EOMONTH(J3,0))) -> 19.290323 | AG3: =IF(Y3=0, DATEDIF(J3,Q3,"M")+DATEDIF(J3,Q3,"MD")/DAY(EOMONTH(J3,0)), DATEDIF(J3,U3,"M")+DATEDIF(J3,U3,"MD")/DAY(EOMONTH(J3,0))) -> 19.290323 | AH3: =IF(V3=0, DATEDIF(M3,P3,"M")+DATEDIF(M3,P3,"MD")/DAY(EOMONTH(M3,0)), DATEDIF(M3,R3,"M")+DATEDIF(M3,R3,"MD")/DAY(EOMONTH(M3,0))) -> 10.4 | AI3: =IF(W3=0, DATEDIF(M3,Q3,"M")+DATEDIF(M3,Q3,"MD")/DAY(EOMONTH(M3,0)), DATEDIF(M3,S3,"M")+DATEDIF(M3,S3,"MD")/DAY(EOMONTH(M3,0))) -> 10.4 | AJ3: =IF(X3=0, DATEDIF(M3,P3,"M")+DATEDIF(M3,P3,"MD")/DAY(EOMONTH(M3,0)), DATEDIF(M3,T3,"M")+DATEDIF(M3,T3,"MD")/DAY(EOMONTH(M3,0))) -> 18.033333 | AK3: =IF(Y3=0, DATEDIF(M3,Q3,"M")+DATEDIF(M3,Q3,"MD")/DAY(EOMONTH(M3,0)), DATEDIF(M3,U3,"M")+DATEDIF(M3,U3,"MD")/DAY(EOMONTH(M3,0))) -> 18.033333 | AL3: =IF(MID(A3,FIND("_",A3)-1,1)="2", 2, 1) -> 2 | AM3: =IFERROR( CHOOSE( VALUE(MID(D3, FIND("-", D3) - 1, 1)), "University of Cincinnati", "Ohio State University", "Medical University of South Carolina", "University of Michigan", "University of Louisville", "MD Anderson" ), "Unknown" ) -> University of Cincinnati | AN3: 0 | AO3: 1 | AP3: =VLOOKUP(D3, METADATALOOKUP!$A:$AI, 7, FALSE) -> 44 | AQ3: =VLOOKUP(D3, METADATALOOKUP!$A:$AI, 8, FALSE) -> Female | AR3: =VLOOKUP(D3, METADATALOOKUP!$A:$AI, 9, FALSE) -> White | AS3: =VLOOKUP(D3, METADATALOOKUP!$A:$AI, 11, FALSE) -> Yes | AT3: =VLOOKUP(D3, METADATALOOKUP!$A:$AI, 10, FALSE) -> Non-Hispanic | AU3: =VLOOKUP(D3, METADATALOOKUP!$A:$AI, 12, FALSE) -> No | AV3: =VLOOKUP(D3, METADATALOOKUP!$A:$AI, 14, FALSE) -> T3N2cM0 | AW3: =VLOOKUP(D3, METADATALOOKUP!$A:$AI, 6, FALSE) -> High | AX3: =VLOOKUP(D3, METADATALOOKUP!$A:$AI, 19, FALSE) -> Unknown | AY3: =LOOKUP(D3, SURVLOOKUP!$A:$A, SURVLOOKUP!$P:$P) -> 1 | AZ3: 0 | BA3: =TEXT(VLOOKUP(D3, METADATALOOKUP!$A:$AI, 34, FALSE), "@") -> <10% | BB3: =IF(AZ3=0, "Non-Responder", "Responder") -> Non-Responder | BC3: 0.464 | BE3: 24 | BF3: 2.155172 | BG3: 47.84483 | BH3: 11 | BI3: 2.272727 | BJ3: UDI0267 | BK3: GCAAGACA | BL3: GCATAGAC
A4: Pilot2_5 | B4: =VLOOKUP(A4, IDSLOOKUP!C:E, 2, FALSE) -> Adj Wk 1 | C4: =VLOOKUP(D4, METADATALOOKUP!$A:$AI, 13, FALSE) -> Oral Cavity | D4: =VLOOKUP(A4, IDSLOOKUP!C:E, 3, FALSE) -> HN01-37 | E4: =VLOOKUP(A4,CFDNALOOKUP!AG:AI,2,FALSE) -> 44090 | F4: =VLOOKUP(A4,CFDNALOOKUP!AG:AI,3,FALSE) -> 44179 | G4: =VLOOKUP(D4, SURVLOOKUP!$A:$Q, 2, FALSE) -> 43514 | H4: =VLOOKUP(D4, SURVLOOKUP!$A:$Q, 3, FALSE) -> 43531 | I4: =VLOOKUP(D4, SURVLOOKUP!$A:$Q, 4, FALSE) -> 43535 | J4: =VLOOKUP(D4, SURVLOOKUP!$A:$Q, 5, FALSE) -> 43542 | K4: =VLOOKUP(D4, SURVLOOKUP!$A:$Q, 6, FALSE) -> 43586 | L4: =VLOOKUP(D4, SURVLOOKUP!$A:$Q, 7, FALSE) -> 43628 | M4: =VLOOKUP(D4, SURVLOOKUP!$A:$Q, 8, FALSE) -> 43581 | N4: =VLOOKUP(D4, SURVLOOKUP!$A:$Q, 9, FALSE) -> 43683 | O4: =VLOOKUP(D4, SURVLOOKUP!$A:$Q, 10, FALSE) -> NA | P4: =VLOOKUP(D4, OLDSURVLOOKUP!$A:$AA, 19, FALSE) -> 44130 | Q4: =VLOOKUP(D4, SURVLOOKUP!$A:$Q, 11, FALSE) -> 44130 | R4: =VLOOKUP(D4, OLDSURVLOOKUP!$A:$AA, 20, FALSE) -> 43899 | S4: =VLOOKUP(D4, SURVLOOKUP!$A:$Q, 12, FALSE) -> 43899 | T4: =VLOOKUP(D4, OLDSURVLOOKUP!$A:$AA, 21, FALSE) -> 44131 | U4: =VLOOKUP(D4, SURVLOOKUP!$A:$Q, 13, FALSE) -> 44131 | V4: =_xlfn.XLOOKUP(D4, OLDSURVLOOKUP!$A:$A, OLDSURVLOOKUP!V:V) -> 1 | W4: =VLOOKUP(D4, SURVLOOKUP!$A:$Q, 14, FALSE) -> 1 | X4: =_xlfn.XLOOKUP(D4, OLDSURVLOOKUP!$A:$A, OLDSURVLOOKUP!X:X) -> 1 | Y4: =VLOOKUP(D4, SURVLOOKUP!$A:$Q, 15, FALSE) -> 1 | Z4: =IF(V4=0, DATEDIF(I4,P4,"M")+DATEDIF(I4,P4,"MD")/DAY(EOMONTH(I4,0)), DATEDIF(I4,R4,"M")+DATEDIF(I4,R4,"MD")/DAY(EOMONTH(I4,0))) -> 11.870968 | AA4: =IF(W4=0, DATEDIF(I4,Q4,"M")+DATEDIF(I4,Q4,"MD")/DAY(EOMONTH(I4,0)), DATEDIF(I4,S4,"M")+DATEDIF(I4,S4,"MD")/DAY(EOMONTH(I4,0))) -> 11.870968 | AB4: =IF(X4=0, DATEDIF(I4,P4,"M")+DATEDIF(I4,P4,"MD")/DAY(EOMONTH(I4,0)), DATEDIF(I4,T4,"M")+DATEDIF(I4,T4,"MD")/DAY(EOMONTH(I4,0))) -> 19.516129 | AC4: =IF(Y4=0, DATEDIF(I4,Q4,"M")+DATEDIF(I4,Q4,"MD")/DAY(EOMONTH(I4,0)), DATEDIF(I4,U4,"M")+DATEDIF(I4,U4,"MD")/DAY(EOMONTH(I4,0))) -> 19.516129 | AD4: =IF(V4=0, DATEDIF(J4,P4,"M")+DATEDIF(J4,P4,"MD")/DAY(EOMONTH(J4,0)), DATEDIF(J4,R4,"M")+DATEDIF(J4,R4,"MD")/DAY(EOMONTH(J4,0))) -> 11.645161 | AE4: =IF(W4=0, DATEDIF(J4,Q4,"M")+DATEDIF(J4,Q4,"MD")/DAY(EOMONTH(J4,0)), DATEDIF(J4,S4,"M")+DATEDIF(J4,S4,"MD")/DAY(EOMONTH(J4,0))) -> 11.645161 | AF4: =IF(X4=0, DATEDIF(J4,P4,"M")+DATEDIF(J4,P4,"MD")/DAY(EOMONTH(J4,0)), DATEDIF(J4,T4,"M")+DATEDIF(J4,T4,"MD")/DAY(EOMONTH(J4,0))) -> 19.290323 | AG4: =IF(Y4=0, DATEDIF(J4,Q4,"M")+DATEDIF(J4,Q4,"MD")/DAY(EOMONTH(J4,0)), DATEDIF(J4,U4,"M")+DATEDIF(J4,U4,"MD")/DAY(EOMONTH(J4,0))) -> 19.290323 | AH4: =IF(V4=0, DATEDIF(M4,P4,"M")+DATEDIF(M4,P4,"MD")/DAY(EOMONTH(M4,0)), DATEDIF(M4,R4,"M")+DATEDIF(M4,R4,"MD")/DAY(EOMONTH(M4,0))) -> 10.4 | AI4: =IF(W4=0, DATEDIF(M4,Q4,"M")+DATEDIF(M4,Q4,"MD")/DAY(EOMONTH(M4,0)), DATEDIF(M4,S4,"M")+DATEDIF(M4,S4,"MD")/DAY(EOMONTH(M4,0))) -> 10.4 | AJ4: =IF(X4=0, DATEDIF(M4,P4,"M")+DATEDIF(M4,P4,"MD")/DAY(EOMONTH(M4,0)), DATEDIF(M4,T4,"M")+DATEDIF(M4,T4,"MD")/DAY(EOMONTH(M4,0))) -> 18.033333 | AK4: =IF(Y4=0, DATEDIF(M4,Q4,"M")+DATEDIF(M4,Q4,"MD")/DAY(EOMONTH(M4,0)), DATEDIF(M4,U4,"M")+DATEDIF(M4,U4,"MD")/DAY(EOMONTH(M4,0))) -> 18.033333 | AL4: =IF(MID(A4,FIND("_",A4)-1,1)="2", 2, 1) -> 2 | AM4: =IFERROR( CHOOSE( VALUE(MID(D4, FIND("-", D4) - 1, 1)), "University of Cincinnati", "Ohio State University", "Medical University of South Carolina", "University of Michigan", "University of Louisville", "MD Anderson" ), "Unknown" ) -> University of Cincinnati | AN4: 0 | AO4: 1 | AP4: =VLOOKUP(D4, METADATALOOKUP!$A:$AI, 7, FALSE) -> 44 | AQ4: =VLOOKUP(D4, METADATALOOKUP!$A:$AI, 8, FALSE) -> Female | AR4: =VLOOKUP(D4, METADATALOOKUP!$A:$AI, 9, FALSE) -> White | AS4: =VLOOKUP(D4, METADATALOOKUP!$A:$AI, 11, FALSE) -> Yes | AT4: =VLOOKUP(D4, METADATALOOKUP!$A:$AI, 10, FALSE) -> Non-Hispanic | AU4: =VLOOKUP(D4, METADATALOOKUP!$A:$AI, 12, FALSE) -> No | AV4: =VLOOKUP(D4, METADATALOOKUP!$A:$AI, 14, FALSE) -> T3N2cM0 | AW4: =VLOOKUP(D4, METADATALOOKUP!$A:$AI, 6, FALSE) -> High | AX4: =VLOOKUP(D4, METADATALOOKUP!$A:$AI, 19, FALSE) -> Unknown | AY4: =LOOKUP(D4, SURVLOOKUP!$A:$A, SURVLOOKUP!$P:$P) -> 1 | AZ4: 0 | BA4: =TEXT(VLOOKUP(D4, METADATALOOKUP!$A:$AI, 34, FALSE), "@") -> <10% | BB4: =IF(AZ4=0, "Non-Responder", "Responder") -> Non-Responder | BC4: 0.2 | BE4: 24 | BF4: 5 | BG4: 45 | BH4: 12.2 | BI4: 2.04918 | BJ4: UDI0254 | BK4: TCTCCGTG | BL4: TGAATCGT
A5: Pilot2_6 | B5: =VLOOKUP(A5, IDSLOOKUP!C:E, 2, FALSE) -> Screen | C5: =VLOOKUP(D5, METADATALOOKUP!$A:$AI, 13, FALSE) -> Oral Cavity | D5: =VLOOKUP(A5, IDSLOOKUP!C:E, 3, FALSE) -> HN01-49 | E5: =VLOOKUP(A5,CFDNALOOKUP!AG:AI,2,FALSE) -> 44090 | F5: =VLOOKUP(A5,CFDNALOOKUP!AG:AI,3,FALSE) -> 44180 | G5: =VLOOKUP(D5, SURVLOOKUP!$A:$Q, 2, FALSE) -> 43656 | H5: =VLOOKUP(D5, SURVLOOKUP!$A:$Q, 3, FALSE) -> 43977 | I5: =VLOOKUP(D5, SURVLOOKUP!$A:$Q, 4, FALSE) -> 43994 | J5: =VLOOKUP(D5, SURVLOOKUP!$A:$Q, 5, FALSE) -> 44012 | K5: =VLOOKUP(D5, SURVLOOKUP!$A:$Q, 6, FALSE) -> NA | L5: =VLOOKUP(D5, SURVLOOKUP!$A:$Q, 7, FALSE) -> NA | M5: =VLOOKUP(D5, SURVLOOKUP!$A:$Q, 8, FALSE) -> 44061 | N5: =VLOOKUP(D5, SURVLOOKUP!$A:$Q, 9, FALSE) -> 44105 | O5: =VLOOKUP(D5, SURVLOOKUP!$A:$Q, 10, FALSE) -> NA | P5: =VLOOKUP(D5, OLDSURVLOOKUP!$A:$AA, 19, FALSE) -> 44159 | Q5: =VLOOKUP(D5, SURVLOOKUP!$A:$Q, 11, FALSE) -> 44159 | R5: =VLOOKUP(D5, OLDSURVLOOKUP!$A:$AA, 20, FALSE) -> 44106 | S5: =VLOOKUP(D5, SURVLOOKUP!$A:$Q, 12, FALSE) -> 44106 | T5: =VLOOKUP(D5, OLDSURVLOOKUP!$A:$AA, 21, FALSE) -> 44160 | U5: =VLOOKUP(D5, SURVLOOKUP!$A:$Q, 13, FALSE) -> 44160 | V5: =_xlfn.XLOOKUP(D5, OLDSURVLOOKUP!$A:$A, OLDSURVLOOKUP!V:V) -> 1 | W5: =VLOOKUP(D5, SURVLOOKUP!$A:$Q, 14, FALSE) -> 1 | X5: =_xlfn.XLOOKUP(D5, OLDSURVLOOKUP!$A:$A, OLDSURVLOOKUP!X:X) -> 1 | Y5: =VLOOKUP(D5, SURVLOOKUP!$A:$Q, 15, FALSE) -> 1 | Z5: =IF(V5=0, DATEDIF(I5,P5,"M")+DATEDIF(I5,P5,"MD")/DAY(EOMONTH(I5,0)), DATEDIF(I5,R5,"M")+DATEDIF(I5,R5,"MD")/DAY(EOMONTH(I5,0))) -> 3.6666667 | AA5: =IF(W5=0, DATEDIF(I5,Q5,"M")+DATEDIF(I5,Q5,"MD")/DAY(EOMONTH(I5,0)), DATEDIF(I5,S5,"M")+DATEDIF(I5,S5,"MD")/DAY(EOMONTH(I5,0))) -> 3.6666667 | AB5: =IF(X5=0, DATEDIF(I5,P5,"M")+DATEDIF(I5,P5,"MD")/DAY(EOMONTH(I5,0)), DATEDIF(I5,T5,"M")+DATEDIF(I5,T5,"MD")/DAY(EOMONTH(I5,0))) -> 5.4333333 | AC5: =IF(Y5=0, DATEDIF(I5,Q5,"M")+DATEDIF(I5,Q5,"MD")/DAY(EOMONTH(I5,0)), DATEDIF(I5,U5,"M")+DATEDIF(I5,U5,"MD")/DAY(EOMONTH(I5,0))) -> 5.4333333 | AD5: =IF(V5=0, DATEDIF(J5,P5,"M")+DATEDIF(J5,P5,"MD")/DAY(EOMONTH(J5,0)), DATEDIF(J5,R5,"M")+DATEDIF(J5,R5,"MD")/DAY(EOMONTH(J5,0))) -> 3.0666667 | AE5: =IF(W5=0, DATEDIF(J5,Q5,"M")+DATEDIF(J5,Q5,"MD")/DAY(EOMONTH(J5,0)), DATEDIF(J5,S5,"M")+DATEDIF(J5,S5,"MD")/DAY(EOMONTH(J5,0))) -> 3.0666667 | AF5: =IF(X5=0, DATEDIF(J5,P5,"M")+DATEDIF(J5,P5,"MD")/DAY(EOMONTH(J5,0)), DATEDIF(J5,T5,"M")+DATEDIF(J5,T5,"MD")/DAY(EOMONTH(J5,0))) -> 4.8666667 | AG5: =IF(Y5=0, DATEDIF(J5,Q5,"M")+DATEDIF(J5,Q5,"MD")/DAY(EOMONTH(J5,0)), DATEDIF(J5,U5,"M")+DATEDIF(J5,U5,"MD")/DAY(EOMONTH(J5,0))) -> 4.8666667 | AH5: =IF(V5=0, DATEDIF(M5,P5,"M")+DATEDIF(M5,P5,"MD")/DAY(EOMONTH(M5,0)), DATEDIF(M5,R5,"M")+DATEDIF(M5,R5,"MD")/DAY(EOMONTH(M5,0))) -> 1.4516129 | AI5: =IF(W5=0, DATEDIF(M5,Q5,"M")+DATEDIF(M5,Q5,"MD")/DAY(EOMONTH(M5,0)), DATEDIF(M5,S5,"M")+DATEDIF(M5,S5,"MD")/DAY(EOMONTH(M5,0))) -> 1.4516129 | AJ5: =IF(X5=0, DATEDIF(M5,P5,"M")+DATEDIF(M5,P5,"MD")/DAY(EOMONTH(M5,0)), DATEDIF(M5,T5,"M")+DATEDIF(M5,T5,"MD")/DAY(EOMONTH(M5,0))) -> 3.2258065 | AK5: =IF(Y5=0, DATEDIF(M5,Q5,"M")+DATEDIF(M5,Q5,"MD")/DAY(EOMONTH(M5,0)), DATEDIF(M5,U5,"M")+DATEDIF(M5,U5,"MD")/DAY(EOMONTH(M5,0))) -> 3.2258065 | AL5: =IF(MID(A5,FIND("_",A5)-1,1)="2", 2, 1) -> 2 | AM5: =IFERROR( CHOOSE( VALUE(MID(D5, FIND("-", D5) - 1, 1)), "University of Cincinnati", "Ohio State University", "Medical University of South Carolina", "University of Michigan", "University of Louisville", "MD Anderson" ), "Unknown" ) -> University of Cincinnati | AN5: 0 | AO5: 2 | AP5: =VLOOKUP(D5, METADATALOOKUP!$A:$AI, 7, FALSE) -> 51 | AQ5: =VLOOKUP(D5, METADATALOOKUP!$A:$AI, 8, FALSE) -> Male | AR5: =VLOOKUP(D5, METADATALOOKUP!$A:$AI, 9, FALSE) -> White | AS5: =VLOOKUP(D5, METADATALOOKUP!$A:$AI, 11, FALSE) -> No | AT5: =VLOOKUP(D5, METADATALOOKUP!$A:$AI, 10, FALSE) -> Non-Hispanic | AU5: =VLOOKUP(D5, METADATALOOKUP!$A:$AI, 12, FALSE) -> No | AV5: =VLOOKUP(D5, METADATALOOKUP!$A:$AI, 14, FALSE) -> T4aN2cM0 | AW5: =VLOOKUP(D5, METADATALOOKUP!$A:$AI, 6, FALSE) -> High | AX5: =VLOOKUP(D5, METADATALOOKUP!$A:$AI, 19, FALSE) -> Unknown | AY5: =LOOKUP(D5, SURVLOOKUP!$A:$A, SURVLOOKUP!$P:$P) -> 1 | AZ5: 1 | BA5: =TEXT(VLOOKUP(D5, METADATALOOKUP!$A:$AI, 34, FALSE), "@") -> 10-20% | BB5: =IF(AZ5=0, "Non-Responder", "Responder") -> Responder | BC5: 0.16 | BE5: 24 | BF5: 6.25 | BG5: 43.75 | BH5: 21.6 | BI5: 1.157407 | BJ5: UDI0277 | BK5: TATACATC | BL5: AATCTGAA
A6: Pilot2_7 | B6: =VLOOKUP(A6, IDSLOOKUP!C:E, 2, FALSE) -> Day 0 | C6: =VLOOKUP(D6, METADATALOOKUP!$A:$AI, 13, FALSE) -> Oral Cavity | D6: =VLOOKUP(A6, IDSLOOKUP!C:E, 3, FALSE) -> HN01-49 | E6: =VLOOKUP(A6,CFDNALOOKUP!AG:AI,2,FALSE) -> 44090 | F6: =VLOOKUP(A6,CFDNALOOKUP!AG:AI,3,FALSE) -> 44180 | G6: =VLOOKUP(D6, SURVLOOKUP!$A:$Q, 2, FALSE) -> 43656 | H6: =VLOOKUP(D6, SURVLOOKUP!$A:$Q, 3, FALSE) -> 43977 | I6: =VLOOKUP(D6, SURVLOOKUP!$A:$Q, 4, FALSE) -> 43994 | J6: =VLOOKUP(D6, SURVLOOKUP!$A:$Q, 5, FALSE) -> 44012 | K6: =VLOOKUP(D6, SURVLOOKUP!$A:$Q, 6, FALSE) -> NA | L6: =VLOOKUP(D6, SURVLOOKUP!$A:$Q, 7, FALSE) -> NA | M6: =VLOOKUP(D6, SURVLOOKUP!$A:$Q, 8, FALSE) -> 44061 | N6: =VLOOKUP(D6, SURVLOOKUP!$A:$Q, 9, FALSE) -> 44105 | O6: =VLOOKUP(D6, SURVLOOKUP!$A:$Q, 10, FALSE) -> NA | P6: =VLOOKUP(D6, OLDSURVLOOKUP!$A:$AA, 19, FALSE) -> 44159 | Q6: =VLOOKUP(D6, SURVLOOKUP!$A:$Q, 11, FALSE) -> 44159 | R6: =VLOOKUP(D6, OLDSURVLOOKUP!$A:$AA, 20, FALSE) -> 44106 | S6: =VLOOKUP(D6, SURVLOOKUP!$A:$Q, 12, FALSE) -> 44106 | T6: =VLOOKUP(D6, OLDSURVLOOKUP!$A:$AA, 21, FALSE) -> 44160 | U6: =VLOOKUP(D6, SURVLOOKUP!$A:$Q, 13, FALSE) -> 44160 | V6: =_xlfn.XLOOKUP(D6, OLDSURVLOOKUP!$A:$A, OLDSURVLOOKUP!V:V) -> 1 | W6: =VLOOKUP(D6, SURVLOOKUP!$A:$Q, 14, FALSE) -> 1 | X6: =_xlfn.XLOOKUP(D6, OLDSURVLOOKUP!$A:$A, OLDSURVLOOKUP!X:X) -> 1 | Y6: =VLOOKUP(D6, SURVLOOKUP!$A:$Q, 15, FALSE) -> 1 | Z6: =IF(V6=0, DATEDIF(I6,P6,"M")+DATEDIF(I6,P6,"MD")/DAY(EOMONTH(I6,0)), DATEDIF(I6,R6,"M")+DATEDIF(I6,R6,"MD")/DAY(EOMONTH(I6,0))) -> 3.6666667 | AA6: =IF(W6=0, DATEDIF(I6,Q6,"M")+DATEDIF(I6,Q6,"MD")/DAY(EOMONTH(I6,0)), DATEDIF(I6,S6,"M")+DATEDIF(I6,S6,"MD")/DAY(EOMONTH(I6,0))) -> 3.6666667 | AB6: =IF(X6=0, DATEDIF(I6,P6,"M")+DATEDIF(I6,P6,"MD")/DAY(EOMONTH(I6,0)), DATEDIF(I6,T6,"M")+DATEDIF(I6,T6,"MD")/DAY(EOMONTH(I6,0))) -> 5.4333333 | AC6: =IF(Y6=0, DATEDIF(I6,Q6,"M")+DATEDIF(I6,Q6,"MD")/DAY(EOMONTH(I6,0)), DATEDIF(I6,U6,"M")+DATEDIF(I6,U6,"MD")/DAY(EOMONTH(I6,0))) -> 5.4333333 | AD6: =IF(V6=0, DATEDIF(J6,P6,"M")+DATEDIF(J6,P6,"MD")/DAY(EOMONTH(J6,0)), DATEDIF(J6,R6,"M")+DATEDIF(J6,R6,"MD")/DAY(EOMONTH(J6,0))) -> 3.0666667 | AE6: =IF(W6=0, DATEDIF(J6,Q6,"M")+DATEDIF(J6,Q6,"MD")/DAY(EOMONTH(J6,0)), DATEDIF(J6,S6,"M")+DATEDIF(J6,S6,"MD")/DAY(EOMONTH(J6,0))) -> 3.0666667 | AF6: =IF(X6=0, DATEDIF(J6,P6,"M")+DATEDIF(J6,P6,"MD")/DAY(EOMONTH(J6,0)), DATEDIF(J6,T6,"M")+DATEDIF(J6,T6,"MD")/DAY(EOMONTH(J6,0))) -> 4.8666667 | AG6: =IF(Y6=0, DATEDIF(J6,Q6,"M")+DATEDIF(J6,Q6,"MD")/DAY(EOMONTH(J6,0)), DATEDIF(J6,U6,"M")+DATEDIF(J6,U6,"MD")/DAY(EOMONTH(J6,0))) -> 4.8666667 | AH6: =IF(V6=0, DATEDIF(M6,P6,"M")+DATEDIF(M6,P6,"MD")/DAY(EOMONTH(M6,0)), DATEDIF(M6,R6,"M")+DATEDIF(M6,R6,"MD")/DAY(EOMONTH(M6,0))) -> 1.4516129 | AI6: =IF(W6=0, DATEDIF(M6,Q6,"M")+DATEDIF(M6,Q6,"MD")/DAY(EOMONTH(M6,0)), DATEDIF(M6,S6,"M")+DATEDIF(M6,S6,"MD")/DAY(EOMONTH(M6,0))) -> 1.4516129 | AJ6: =IF(X6=0, DATEDIF(M6,P6,"M")+DATEDIF(M6,P6,"MD")/DAY(EOMONTH(M6,0)), DATEDIF(M6,T6,"M")+DATEDIF(M6,T6,"MD")/DAY(EOMONTH(M6,0))) -> 3.2258065 | AK6: =IF(Y6=0, DATEDIF(M6,Q6,"M")+DATEDIF(M6,Q6,"MD")/DAY(EOMONTH(M6,0)), DATEDIF(M6,U6,"M")+DATEDIF(M6,U6,"MD")/DAY(EOMONTH(M6,0))) -> 3.2258065 | AL6: =IF(MID(A6,FIND("_",A6)-1,1)="2", 2, 1) -> 2 | AM6: =IFERROR( CHOOSE( VALUE(MID(D6, FIND("-", D6) - 1, 1)), "University of Cincinnati", "Ohio State University", "Medical University of South Carolina", "University of Michigan", "University of Louisville", "MD Anderson" ), "Unknown" ) -> University of Cincinnati | AN6: 0 | AO6: 2 | AP6: =VLOOKUP(D6, METADATALOOKUP!$A:$AI, 7, FALSE) -> 51 | AQ6: =VLOOKUP(D6, METADATALOOKUP!$A:$AI, 8, FALSE) -> Male | AR6: =VLOOKUP(D6, METADATALOOKUP!$A:$AI, 9, FALSE) -> White | AS6: =VLOOKUP(D6, METADATALOOKUP!$A:$AI, 11, FALSE) -> No | AT6: =VLOOKUP(D6, METADATALOOKUP!$A:$AI, 10, FALSE) -> Non-Hispanic | AU6: =VLOOKUP(D6, METADATALOOKUP!$A:$AI, 12, FALSE) -> No | AV6: =VLOOKUP(D6, METADATALOOKUP!$A:$AI, 14, FALSE) -> T4aN2cM0 | AW6: =VLOOKUP(D6, METADATALOOKUP!$A:$AI, 6, FALSE) -> High | AX6: =VLOOKUP(D6, METADATALOOKUP!$A:$AI, 19, FALSE) -> Unknown | AY6: =LOOKUP(D6, SURVLOOKUP!$A:$A, SURVLOOKUP!$P:$P) -> 1 | AZ6: 1 | BA6: =TEXT(VLOOKUP(D6, METADATALOOKUP!$A:$AI, 34, FALSE), "@") -> 10-20% | BB6: =IF(AZ6=0, "Non-Responder", "Responder") -> Responder | BC6: 0.316 | BE6: 24 | BF6: 3.164557 | BG6: 46.83544 | BH6: 20.2 | BI6: 1.237624 | BJ6: UDI0207 | BK6: ACATGATA | BL6: CGTAGATA
A7: Pilot2_8 | B7: =VLOOKUP(A7, IDSLOOKUP!C:E, 2, FALSE) -> Adj Wk 1 | C7: =VLOOKUP(D7, METADATALOOKUP!$A:$AI, 13, FALSE) -> Oral Cavity | D7: =VLOOKUP(A7, IDSLOOKUP!C:E, 3, FALSE) -> HN01-49 | E7: =VLOOKUP(A7,CFDNALOOKUP!AG:AI,2,FALSE) -> 44090 | F7: =VLOOKUP(A7,CFDNALOOKUP!AG:AI,3,FALSE) -> 44180 | G7: =VLOOKUP(D7, SURVLOOKUP!$A:$Q, 2, FALSE) -> 43656 | H7: =VLOOKUP(D7, SURVLOOKUP!$A:$Q, 3, FALSE) -> 43977 | I7: =VLOOKUP(D7, SURVLOOKUP!$A:$Q, 4, FALSE) -> 43994 | J7: =VLOOKUP(D7, SURVLOOKUP!$A:$Q, 5, FALSE) -> 44012 | K7: =VLOOKUP(D7, SURVLOOKUP!$A:$Q, 6, FALSE) -> NA | L7: =VLOOKUP(D7, SURVLOOKUP!$A:$Q, 7, FALSE) -> NA | M7: =VLOOKUP(D7, SURVLOOKUP!$A:$Q, 8, FALSE) -> 44061 | N7: =VLOOKUP(D7, SURVLOOKUP!$A:$Q, 9, FALSE) -> 44105 | O7: =VLOOKUP(D7, SURVLOOKUP!$A:$Q, 10, FALSE) -> NA | P7: =VLOOKUP(D7, OLDSURVLOOKUP!$A:$AA, 19, FALSE) -> 44159 | Q7: =VLOOKUP(D7, SURVLOOKUP!$A:$Q, 11, FALSE) -> 44159 | R7: =VLOOKUP(D7, OLDSURVLOOKUP!$A:$AA, 20, FALSE) -> 44106 | S7: =VLOOKUP(D7, SURVLOOKUP!$A:$Q, 12, FALSE) -> 44106 | T7: =VLOOKUP(D7, OLDSURVLOOKUP!$A:$AA, 21, FALSE) -> 44160 | U7: =VLOOKUP(D7, SURVLOOKUP!$A:$Q, 13, FALSE) -> 44160 | V7: =_xlfn.XLOOKUP(D7, OLDSURVLOOKUP!$A:$A, OLDSURVLOOKUP!V:V) -> 1 | W7: =VLOOKUP(D7, SURVLOOKUP!$A:$Q, 14, FALSE) -> 1 | X7: =_xlfn.XLOOKUP(D7, OLDSURVLOOKUP!$A:$A, OLDSURVLOOKUP!X:X) -> 1 | Y7: =VLOOKUP(D7, SURVLOOKUP!$A:$Q, 15, FALSE) -> 1 | Z7: =IF(V7=0, DATEDIF(I7,P7,"M")+DATEDIF(I7,P7,"MD")/DAY(EOMONTH(I7,0)), DATEDIF(I7,R7,"M")+DATEDIF(I7,R7,"MD")/DAY(EOMONTH(I7,0))) -> 3.6666667 | AA7: =IF(W7=0, DATEDIF(I7,Q7,"M")+DATEDIF(I7,Q7,"MD")/DAY(EOMONTH(I7,0)), DATEDIF(I7,S7,"M")+DATEDIF(I7,S7,"MD")/DAY(EOMONTH(I7,0))) -> 3.6666667 | AB7: =IF(X7=0, DATEDIF(I7,P7,"M")+DATEDIF(I7,P7,"MD")/DAY(EOMONTH(I7,0)), DATEDIF(I7,T7,"M")+DATEDIF(I7,T7,"MD")/DAY(EOMONTH(I7,0))) -> 5.4333333 | AC7: =IF(Y7=0, DATEDIF(I7,Q7,"M")+DATEDIF(I7,Q7,"MD")/DAY(EOMONTH(I7,0)), DATEDIF(I7,U7,"M")+DATEDIF(I7,U7,"MD")/DAY(EOMONTH(I7,0))) -> 5.4333333 | AD7: =IF(V7=0, DATEDIF(J7,P7,"M")+DATEDIF(J7,P7,"MD")/DAY(EOMONTH(J7,0)), DATEDIF(J7,R7,"M")+DATEDIF(J7,R7,"MD")/DAY(EOMONTH(J7,0))) -> 3.0666667 | AE7: =IF(W7=0, DATEDIF(J7,Q7,"M")+DATEDIF(J7,Q7,"MD")/DAY(EOMONTH(J7,0)), DATEDIF(J7,S7,"M")+DATEDIF(J7,S7,"MD")/DAY(EOMONTH(J7,0))) -> 3.0666667 | AF7: =IF(X7=0, DATEDIF(J7,P7,"M")+DATEDIF(J7,P7,"MD")/DAY(EOMONTH(J7,0)), DATEDIF(J7,T7,"M")+DATEDIF(J7,T7,"MD")/DAY(EOMONTH(J7,0))) -> 4.8666667 | AG7: =IF(Y7=0, DATEDIF(J7,Q7,"M")+DATEDIF(J7,Q7,"MD")/DAY(EOMONTH(J7,0)), DATEDIF(J7,U7,"M")+DATEDIF(J7,U7,"MD")/DAY(EOMONTH(J7,0))) -> 4.8666667 | AH7: =IF(V7=0, DATEDIF(M7,P7,"M")+DATEDIF(M7,P7,"MD")/DAY(EOMONTH(M7,0)), DATEDIF(M7,R7,"M")+DATEDIF(M7,R7,"MD")/DAY(EOMONTH(M7,0))) -> 1.4516129 | AI7: =IF(W7=0, DATEDIF(M7,Q7,"M")+DATEDIF(M7,Q7,"MD")/DAY(EOMONTH(M7,0)), DATEDIF(M7,S7,"M")+DATEDIF(M7,S7,"MD")/DAY(EOMONTH(M7,0))) -> 1.4516129 | AJ7: =IF(X7=0, DATEDIF(M7,P7,"M")+DATEDIF(M7,P7,"MD")/DAY(EOMONTH(M7,0)), DATEDIF(M7,T7,"M")+DATEDIF(M7,T7,"MD")/DAY(EOMONTH(M7,0))) -> 3.2258065 | AK7: =IF(Y7=0, DATEDIF(M7,Q7,"M")+DATEDIF(M7,Q7,"MD")/DAY(EOMONTH(M7,0)), DATEDIF(M7,U7,"M")+DATEDIF(M7,U7,"MD")/DAY(EOMONTH(M7,0))) -> 3.2258065 | AL7: =IF(MID(A7,FIND("_",A7)-1,1)="2", 2, 1) -> 2 | AM7: =IFERROR( CHOOSE( VALUE(MID(D7, FIND("-", D7) - 1, 1)), "University of Cincinnati", "Ohio State University", "Medical University of South Carolina", "University of Michigan", "University of Louisville", "MD Anderson" ), "Unknown" ) -> University of Cincinnati | AN7: 0 | AO7: 2 | AP7: =VLOOKUP(D7, METADATALOOKUP!$A:$AI, 7, FALSE) -> 51 | AQ7: =VLOOKUP(D7, METADATALOOKUP!$A:$AI, 8, FALSE) -> Male | AR7: =VLOOKUP(D7, METADATALOOKUP!$A:$AI, 9, FALSE) -> White | AS7: =VLOOKUP(D7, METADATALOOKUP!$A:$AI, 11, FALSE) -> No | AT7: =VLOOKUP(D7, METADATALOOKUP!$A:$AI, 10, FALSE) -> Non-Hispanic | AU7: =VLOOKUP(D7, METADATALOOKUP!$A:$AI, 12, FALSE) -> No | AV7: =VLOOKUP(D7, METADATALOOKUP!$A:$AI, 14, FALSE) -> T4aN2cM0 | AW7: =VLOOKUP(D7, METADATALOOKUP!$A:$AI, 6, FALSE) -> High | AX7: =VLOOKUP(D7, METADATALOOKUP!$A:$AI, 19, FALSE) -> Unknown | AY7: =LOOKUP(D7, SURVLOOKUP!$A:$A, SURVLOOKUP!$P:$P) -> 1 | AZ7: 1 | BA7: =TEXT(VLOOKUP(D7, METADATALOOKUP!$A:$AI, 34, FALSE), "@") -> 10-20% | BB7: =IF(AZ7=0, "Non-Responder", "Responder") -> Responder | BC7: 0.188 | BE7: 24 | BF7: 5.319149 | BG7: 44.68085 | BH7: 16.8 | BI7: 1.488095 | BJ7: UDI0230 | BK7: GATGGAGT | BL7: TTCCAGGC
A8: Pilot2_9 | B8: =VLOOKUP(A8, IDSLOOKUP!C:E, 2, FALSE) -> Screen | C8: =VLOOKUP(D8, METADATALOOKUP!$A:$AI, 13, FALSE) -> Oral Cavity | D8: =VLOOKUP(A8, IDSLOOKUP!C:E, 3, FALSE) -> HN01-50 | E8: =VLOOKUP(A8,CFDNALOOKUP!AG:AI,2,FALSE) -> 44090 | F8: =VLOOKUP(A8,CFDNALOOKUP!AG:AI,3,FALSE) -> 44179 | G8: =VLOOKUP(D8, SURVLOOKUP!$A:$Q, 2, FALSE) -> 43972 | H8: =VLOOKUP(D8, SURVLOOKUP!$A:$Q, 3, FALSE) -> 43990 | I8: =VLOOKUP(D8, SURVLOOKUP!$A:$Q, 4, FALSE) -> 43994 | J8: =VLOOKUP(D8, SURVLOOKUP!$A:$Q, 5, FALSE) -> 44001 | K8: =VLOOKUP(D8, SURVLOOKUP!$A:$Q, 6, FALSE) -> 44039 | L8: =VLOOKUP(D8, SURVLOOKUP!$A:$Q, 7, FALSE) -> 44078 | M8: =VLOOKUP(D8, SURVLOOKUP!$A:$Q, 8, FALSE) -> 44033 | N8: =VLOOKUP(D8, SURVLOOKUP!$A:$Q, 9, FALSE) -> 44159 | O8: =VLOOKUP(D8, SURVLOOKUP!$A:$Q, 10, FALSE) -> NA | P8: =VLOOKUP(D8, OLDSURVLOOKUP!$A:$AA, 19, FALSE) -> 44341 | Q8: =VLOOKUP(D8, SURVLOOKUP!$A:$Q, 11, FALSE) -> 45678 | V8: =_xlfn.XLOOKUP(D8, OLDSURVLOOKUP!$A:$A, OLDSURVLOOKUP!V:V) -> 0 | W8: =VLOOKUP(D8, SURVLOOKUP!$A:$Q, 14, FALSE) -> 0 | X8: =_xlfn.XLOOKUP(D8, OLDSURVLOOKUP!$A:$A, OLDSURVLOOKUP!X:X) -> 0 | Y8: =VLOOKUP(D8, SURVLOOKUP!$A:$Q, 15, FALSE) -> 0 | Z8: =IF(V8=0, DATEDIF(I8,P8,"M")+DATEDIF(I8,P8,"MD")/DAY(EOMONTH(I8,0)), DATEDIF(I8,R8,"M")+DATEDIF(I8,R8,"MD")/DAY(EOMONTH(I8,0))) -> 11.433333 | AA8: =IF(W8=0, DATEDIF(I8,Q8,"M")+DATEDIF(I8,Q8,"MD")/DAY(EOMONTH(I8,0)), DATEDIF(I8,S8,"M")+DATEDIF(I8,S8,"MD")/DAY(EOMONTH(I8,0))) -> 55.3 | AB8: =IF(X8=0, DATEDIF(I8,P8,"M")+DATEDIF(I8,P8,"MD")/DAY(EOMONTH(I8,0)), DATEDIF(I8,T8,"M")+DATEDIF(I8,T8,"MD")/DAY(EOMONTH(I8,0))) -> 11.433333 | AC8: =IF(Y8=0, DATEDIF(I8,Q8,"M")+DATEDIF(I8,Q8,"MD")/DAY(EOMONTH(I8,0)), DATEDIF(I8,U8,"M")+DATEDIF(I8,U8,"MD")/DAY(EOMONTH(I8,0))) -> 55.3 | AD8: =IF(V8=0, DATEDIF(J8,P8,"M")+DATEDIF(J8,P8,"MD")/DAY(EOMONTH(J8,0)), DATEDIF(J8,R8,"M")+DATEDIF(J8,R8,"MD")/DAY(EOMONTH(J8,0))) -> 11.2 | AE8: =IF(W8=0, DATEDIF(J8,Q8,"M")+DATEDIF(J8,Q8,"MD")/DAY(EOMONTH(J8,0)), DATEDIF(J8,S8,"M")+DATEDIF(J8,S8,"MD")/DAY(EOMONTH(J8,0))) -> 55.066667 | AF8: =IF(X8=0, DATEDIF(J8,P8,"M")+DATEDIF(J8,P8,"MD")/DAY(EOMONTH(J8,0)), DATEDIF(J8,T8,"M")+DATEDIF(J8,T8,"MD")/DAY(EOMONTH(J8,0))) -> 11.2 | AG8: =IF(Y8=0, DATEDIF(J8,Q8,"M")+DATEDIF(J8,Q8,"MD")/DAY(EOMONTH(J8,0)), DATEDIF(J8,U8,"M")+DATEDIF(J8,U8,"MD")/DAY(EOMONTH(J8,0))) -> 55.066667 | AH8: =IF(V8=0, DATEDIF(M8,P8,"M")+DATEDIF(M8,P8,"MD")/DAY(EOMONTH(M8,0)), DATEDIF(M8,R8,"M")+DATEDIF(M8,R8,"MD")/DAY(EOMONTH(M8,0))) -> 10.129032 | AI8: =IF(W8=0, DATEDIF(M8,Q8,"M")+DATEDIF(M8,Q8,"MD")/DAY(EOMONTH(M8,0)), DATEDIF(M8,S8,"M")+DATEDIF(M8,S8,"MD")/DAY(EOMONTH(M8,0))) -> 54 | AJ8: =IF(X8=0, DATEDIF(M8,P8,"M")+DATEDIF(M8,P8,"MD")/DAY(EOMONTH(M8,0)), DATEDIF(M8,T8,"M")+DATEDIF(M8,T8,"MD")/DAY(EOMONTH(M8,0))) -> 10.129032 | AK8: =IF(Y8=0, DATEDIF(M8,Q8,"M")+DATEDIF(M8,Q8,"MD")/DAY(EOMONTH(M8,0)), DATEDIF(M8,U8,"M")+DATEDIF(M8,U8,"MD")/DAY(EOMONTH(M8,0))) -> 54 | AL8: =IF(MID(A8,FIND("_",A8)-1,1)="2", 2, 1) -> 2 | AM8: =IFERROR( CHOOSE( VALUE(MID(D8, FIND("-", D8) - 1, 1)), "University of Cincinnati", "Ohio State University", "Medical University of South Carolina", "University of Michigan", "University of Louisville", "MD Anderson" ), "Unknown" ) -> University of Cincinnati | AN8: 0 | AO8: 3 | AP8: =VLOOKUP(D8, METADATALOOKUP!$A:$AI, 7, FALSE) -> 71 | AQ8: =VLOOKUP(D8, METADATALOOKUP!$A:$AI, 8, FALSE) -> Female | AR8: =VLOOKUP(D8, METADATALOOKUP!$A:$AI, 9, FALSE) -> White | AS8: =VLOOKUP(D8, METADATALOOKUP!$A:$AI, 11, FALSE) -> Yes | AT8: =VLOOKUP(D8, METADATALOOKUP!$A:$AI, 10, FALSE) -> Non-Hispanic | AU8: =VLOOKUP(D8, METADATALOOKUP!$A:$AI, 12, FALSE) -> No | AV8: =VLOOKUP(D8, METADATALOOKUP!$A:$AI, 14, FALSE) -> T4aN2bM0 | AW8: =VLOOKUP(D8, METADATALOOKUP!$A:$AI, 6, FALSE) -> High | AX8: =VLOOKUP(D8, METADATALOOKUP!$A:$AI, 19, FALSE) -> Unknown | AY8: =LOOKUP(D8, SURVLOOKUP!$A:$A, SURVLOOKUP!$P:$P) -> 1 | AZ8: 1 | BA8: =TEXT(VLOOKUP(D8, METADATALOOKUP!$A:$AI, 34, FALSE), "@") -> 10-20% | BB8: =IF(AZ8=0, "Non-Responder", "Responder") -> Responder | BC8: 0.16 | BE8: 24 | BF8: 6.25 | BG8: 43.75 | BH8: 19.8 | BI8: 1.262626 | BJ8: UDI0241 | BK8: ATATATAC | BL8: AATGCTTG
A9: Pilot2_10 | B9: =VLOOKUP(A9, IDSLOOKUP!C:E, 2, FALSE) -> Day 0 | C9: =VLOOKUP(D9, METADATALOOKUP!$A:$AI, 13, FALSE) -> Oral Cavity | D9: =VLOOKUP(A9, IDSLOOKUP!C:E, 3, FALSE) -> HN01-50 | E9: =VLOOKUP(A9,CFDNALOOKUP!AG:AI,2,FALSE) -> 44090 | F9: =VLOOKUP(A9,CFDNALOOKUP!AG:AI,3,FALSE) -> 44179 | G9: =VLOOKUP(D9, SURVLOOKUP!$A:$Q, 2, FALSE) -> 43972 | H9: =VLOOKUP(D9, SURVLOOKUP!$A:$Q, 3, FALSE) -> 43990 | I9: =VLOOKUP(D9, SURVLOOKUP!$A:$Q, 4, FALSE) -> 43994 | J9: =VLOOKUP(D9, SURVLOOKUP!$A:$Q, 5, FALSE) -> 44001 | K9: =VLOOKUP(D9, SURVLOOKUP!$A:$Q, 6, FALSE) -> 44039 | L9: =VLOOKUP(D9, SURVLOOKUP!$A:$Q, 7, FALSE) -> 44078 | M9: =VLOOKUP(D9, SURVLOOKUP!$A:$Q, 8, FALSE) -> 44033 | N9: =VLOOKUP(D9, SURVLOOKUP!$A:$Q, 9, FALSE) -> 44159 | O9: =VLOOKUP(D9, SURVLOOKUP!$A:$Q, 10, FALSE) -> NA | P9: =VLOOKUP(D9, OLDSURVLOOKUP!$A:$AA, 19, FALSE) -> 44341 | Q9: =VLOOKUP(D9, SURVLOOKUP!$A:$Q, 11, FALSE) -> 45678 | V9: =_xlfn.XLOOKUP(D9, OLDSURVLOOKUP!$A:$A, OLDSURVLOOKUP!V:V) -> 0 | W9: =VLOOKUP(D9, SURVLOOKUP!$A:$Q, 14, FALSE) -> 0 | X9: =_xlfn.XLOOKUP(D9, OLDSURVLOOKUP!$A:$A, OLDSURVLOOKUP!X:X) -> 0 | Y9: =VLOOKUP(D9, SURVLOOKUP!$A:$Q, 15, FALSE) -> 0 | Z9: =IF(V9=0, DATEDIF(I9,P9,"M")+DATEDIF(I9,P9,"MD")/DAY(EOMONTH(I9,0)), DATEDIF(I9,R9,"M")+DATEDIF(I9,R9,"MD")/DAY(EOMONTH(I9,0))) -> 11.433333 | AA9: =IF(W9=0, DATEDIF(I9,Q9,"M")+DATEDIF(I9,Q9,"MD")/DAY(EOMONTH(I9,0)), DATEDIF(I9,S9,"M")+DATEDIF(I9,S9,"MD")/DAY(EOMONTH(I9,0))) -> 55.3 | AB9: =IF(X9=0, DATEDIF(I9,P9,"M")+DATEDIF(I9,P9,"MD")/DAY(EOMONTH(I9,0)), DATEDIF(I9,T9,"M")+DATEDIF(I9,T9,"MD")/DAY(EOMONTH(I9,0))) -> 11.433333 | AC9: =IF(Y9=0, DATEDIF(I9,Q9,"M")+DATEDIF(I9,Q9,"MD")/DAY(EOMONTH(I9,0)), DATEDIF(I9,U9,"M")+DATEDIF(I9,U9,"MD")/DAY(EOMONTH(I9,0))) -> 55.3 | AD9: =IF(V9=0, DATEDIF(J9,P9,"M")+DATEDIF(J9,P9,"MD")/DAY(EOMONTH(J9,0)), DATEDIF(J9,R9,"M")+DATEDIF(J9,R9,"MD")/DAY(EOMONTH(J9,0))) -> 11.2 | AE9: =IF(W9=0, DATEDIF(J9,Q9,"M")+DATEDIF(J9,Q9,"MD")/DAY(EOMONTH(J9,0)), DATEDIF(J9,S9,"M")+DATEDIF(J9,S9,"MD")/DAY(EOMONTH(J9,0))) -> 55.066667 | AF9: =IF(X9=0, DATEDIF(J9,P9,"M")+DATEDIF(J9,P9,"MD")/DAY(EOMONTH(J9,0)), DATEDIF(J9,T9,"M")+DATEDIF(J9,T9,"MD")/DAY(EOMONTH(J9,0))) -> 11.2 | AG9: =IF(Y9=0, DATEDIF(J9,Q9,"M")+DATEDIF(J9,Q9,"MD")/DAY(EOMONTH(J9,0)), DATEDIF(J9,U9,"M")+DATEDIF(J9,U9,"MD")/DAY(EOMONTH(J9,0))) -> 55.066667 | AH9: =IF(V9=0, DATEDIF(M9,P9,"M")+DATEDIF(M9,P9,"MD")/DAY(EOMONTH(M9,0)), DATEDIF(M9,R9,"M")+DATEDIF(M9,R9,"MD")/DAY(EOMONTH(M9,0))) -> 10.129032 | AI9: =IF(W9=0, DATEDIF(M9,Q9,"M")+DATEDIF(M9,Q9,"MD")/DAY(EOMONTH(M9,0)), DATEDIF(M9,S9,"M")+DATEDIF(M9,S9,"MD")/DAY(EOMONTH(M9,0))) -> 54 | AJ9: =IF(X9=0, DATEDIF(M9,P9,"M")+DATEDIF(M9,P9,"MD")/DAY(EOMONTH(M9,0)), DATEDIF(M9,T9,"M")+DATEDIF(M9,T9,"MD")/DAY(EOMONTH(M9,0))) -> 10.129032 | AK9: =IF(Y9=0, DATEDIF(M9,Q9,"M")+DATEDIF(M9,Q9,"MD")/DAY(EOMONTH(M9,0)), DATEDIF(M9,U9,"M")+DATEDIF(M9,U9,"MD")/DAY(EOMONTH(M9,0))) -> 54 | AL9: =IF(MID(A9,FIND("_",A9)-1,1)="2", 2, 1) -> 2 | AM9: =IFERROR( CHOOSE( VALUE(MID(D9, FIND("-", D9) - 1, 1)), "University of Cincinnati", "Ohio State University", "Medical University of South Carolina", "University of Michigan", "University of Louisville", "MD Anderson" ), "Unknown" ) -> University of Cincinnati | AN9: 0 | AO9: 3 | AP9: =VLOOKUP(D9, METADATALOOKUP!$A:$AI, 7, FALSE) -> 71 | AQ9: =VLOOKUP(D9, METADATALOOKUP!$A:$AI, 8, FALSE) -> Female | AR9: =VLOOKUP(D9, METADATALOOKUP!$A:$AI, 9, FALSE) -> White | AS9: =VLOOKUP(D9, METADATALOOKUP!$A:$AI, 11, FALSE) -> Yes | AT9: =VLOOKUP(D9, METADATALOOKUP!$A:$AI, 10, FALSE) -> Non-Hispanic | AU9: =VLOOKUP(D9, METADATALOOKUP!$A:$AI, 12, FALSE) -> No | AV9: =VLOOKUP(D9, METADATALOOKUP!$A:$AI, 14, FALSE) -> T4aN2bM0 | AW9: =VLOOKUP(D9, METADATALOOKUP!$A:$AI, 6, FALSE) -> High | AX9: =VLOOKUP(D9, METADATALOOKUP!$A:$AI, 19, FALSE) -> Unknown | AY9: =LOOKUP(D9, SURVLOOKUP!$A:$A, SURVLOOKUP!$P:$P) -> 1 | AZ9: 1 | BA9: =TEXT(VLOOKUP(D9, METADATALOOKUP!$A:$AI, 34, FALSE), "@") -> 10-20% | BB9: =IF(AZ9=0, "Non-Responder", "Responder") -> Responder | BC9: 0.2 | BE9: 24 | BF9: 5 | BG9: 45 | BH9: 19.8 | BI9: 1.262626 | BJ9: UDI0266 | BK9: ATCGTGGA | BL9: GGCCGTTG
A10: Pilot2_11 | B10: =VLOOKUP(A10, IDSLOOKUP!C:E, 2, FALSE) -> Adj Wk 1 | C10: =VLOOKUP(D10, METADATALOOKUP!$A:$AI, 13, FALSE) -> Oral Cavity | D10: =VLOOKUP(A10, IDSLOOKUP!C:E, 3, FALSE) -> HN01-50 | E10: =VLOOKUP(A10,CFDNALOOKUP!AG:AI,2,FALSE) -> 44090 | F10: =VLOOKUP(A10,CFDNALOOKUP!AG:AI,3,FALSE) -> 44179 | G10: =VLOOKUP(D10, SURVLOOKUP!$A:$Q, 2, FALSE) -> 43972 | H10: =VLOOKUP(D10, SURVLOOKUP!$A:$Q, 3, FALSE) -> 43990 | I10: =VLOOKUP(D10, SURVLOOKUP!$A:$Q, 4, FALSE) -> 43994 | J10: =VLOOKUP(D10, SURVLOOKUP!$A:$Q, 5, FALSE) -> 44001 | K10: =VLOOKUP(D10, SURVLOOKUP!$A:$Q, 6, FALSE) -> 44039 | L10: =VLOOKUP(D10, SURVLOOKUP!$A:$Q, 7, FALSE) -> 44078 | M10: =VLOOKUP(D10, SURVLOOKUP!$A:$Q, 8, FALSE) -> 44033 | N10: =VLOOKUP(D10, SURVLOOKUP!$A:$Q, 9, FALSE) -> 44159 | O10: =VLOOKUP(D10, SURVLOOKUP!$A:$Q, 10, FALSE) -> NA | P10: =VLOOKUP(D10, OLDSURVLOOKUP!$A:$AA, 19, FALSE) -> 44341 | Q10: =VLOOKUP(D10, SURVLOOKUP!$A:$Q, 11, FALSE) -> 45678 | V10: =_xlfn.XLOOKUP(D10, OLDSURVLOOKUP!$A:$A, OLDSURVLOOKUP!V:V) -> 0 | W10: =VLOOKUP(D10, SURVLOOKUP!$A:$Q, 14, FALSE) -> 0 | X10: =_xlfn.XLOOKUP(D10, OLDSURVLOOKUP!$A:$A, OLDSURVLOOKUP!X:X) -> 0 | Y10: =VLOOKUP(D10, SURVLOOKUP!$A:$Q, 15, FALSE) -> 0 | Z10: =IF(V10=0, DATEDIF(I10,P10,"M")+DATEDIF(I10,P10,"MD")/DAY(EOMONTH(I10,0)), DATEDIF(I10,R10,"M")+DATEDIF(I10,R10,"MD")/DAY(EOMONTH(I10,0))) -> 11.433333 | AA10: =IF(W10=0, DATEDIF(I10,Q10,"M")+DATEDIF(I10,Q10,"MD")/DAY(EOMONTH(I10,0)), DATEDIF(I10,S10,"M")+DATEDIF(I10,S10,"MD")/DAY(EOMONTH(I10,0))) -> 55.3 | AB10: =IF(X10=0, DATEDIF(I10,P10,"M")+DATEDIF(I10,P10,"MD")/DAY(EOMONTH(I10,0)), DATEDIF(I10,T10,"M")+DATEDIF(I10,T10,"MD")/DAY(EOMONTH(I10,0))) -> 11.433333 | AC10: =IF(Y10=0, DATEDIF(I10,Q10,"M")+DATEDIF(I10,Q10,"MD")/DAY(EOMONTH(I10,0)), DATEDIF(I10,U10,"M")+DATEDIF(I10,U10,"MD")/DAY(EOMONTH(I10,0))) -> 55.3 | AD10: =IF(V10=0, DATEDIF(J10,P10,"M")+DATEDIF(J10,P10,"MD")/DAY(EOMONTH(J10,0)), DATEDIF(J10,R10,"M")+DATEDIF(J10,R10,"MD")/DAY(EOMONTH(J10,0))) -> 11.2 | AE10: =IF(W10=0, DATEDIF(J10,Q10,"M")+DATEDIF(J10,Q10,"MD")/DAY(EOMONTH(J10,0)), DATEDIF(J10,S10,"M")+DATEDIF(J10,S10,"MD")/DAY(EOMONTH(J10,0))) -> 55.066667 | AF10: =IF(X10=0, DATEDIF(J10,P10,"M")+DATEDIF(J10,P10,"MD")/DAY(EOMONTH(J10,0)), DATEDIF(J10,T10,"M")+DATEDIF(J10,T10,"MD")/DAY(EOMONTH(J10,0))) -> 11.2 | AG10: =IF(Y10=0, DATEDIF(J10,Q10,"M")+DATEDIF(J10,Q10,"MD")/DAY(EOMONTH(J10,0)), DATEDIF(J10,U10,"M")+DATEDIF(J10,U10,"MD")/DAY(EOMONTH(J10,0))) -> 55.066667 | AH10: =IF(V10=0, DATEDIF(M10,P10,"M")+DATEDIF(M10,P10,"MD")/DAY(EOMONTH(M10,0)), DATEDIF(M10,R10,"M")+DATEDIF(M10,R10,"MD")/DAY(EOMONTH(M10,0))) -> 10.129032 | AI10: =IF(W10=0, DATEDIF(M10,Q10,"M")+DATEDIF(M10,Q10,"MD")/DAY(EOMONTH(M10,0)), DATEDIF(M10,S10,"M")+DATEDIF(M10,S10,"MD")/DAY(EOMONTH(M10,0))) -> 54 | AJ10: =IF(X10=0, DATEDIF(M10,P10,"M")+DATEDIF(M10,P10,"MD")/DAY(EOMONTH(M10,0)), DATEDIF(M10,T10,"M")+DATEDIF(M10,T10,"MD")/DAY(EOMONTH(M10,0))) -> 10.129032 | AK10: =IF(Y10=0, DATEDIF(M10,Q10,"M")+DATEDIF(M10,Q10,"MD")/DAY(EOMONTH(M10,0)), DATEDIF(M10,U10,"M")+DATEDIF(M10,U10,"MD")/DAY(EOMONTH(M10,0))) -> 54 | AL10: =IF(MID(A10,FIND("_",A10)-1,1)="2", 2, 1) -> 2 | AM10: =IFERROR( CHOOSE( VALUE(MID(D10, FIND("-", D10) - 1, 1)), "University of Cincinnati", "Ohio State University", "Medical University of South Carolina", "University of Michigan", "University of Louisville", "MD Anderson" ), "Unknown" ) -> University of Cincinnati | AN10: 0 | AO10: 3 | AP10: =VLOOKUP(D10, METADATALOOKUP!$A:$AI, 7, FALSE) -> 71 | AQ10: =VLOOKUP(D10, METADATALOOKUP!$A:$AI, 8, FALSE) -> Female | AR10: =VLOOKUP(D10, METADATALOOKUP!$A:$AI, 9, FALSE) -> White | AS10: =VLOOKUP(D10, METADATALOOKUP!$A:$AI, 11, FALSE) -> Yes | AT10: =VLOOKUP(D10, METADATALOOKUP!$A:$AI, 10, FALSE) -> Non-Hispanic | AU10: =VLOOKUP(D10, METADATALOOKUP!$A:$AI, 12, FALSE) -> No | AV10: =VLOOKUP(D10, METADATALOOKUP!$A:$AI, 14, FALSE) -> T4aN2bM0 | AW10: =VLOOKUP(D10, METADATALOOKUP!$A:$AI, 6, FALSE) -> High | AX10: =VLOOKUP(D10, METADATALOOKUP!$A:$AI, 19, FALSE) -> Unknown | AY10: =LOOKUP(D10, SURVLOOKUP!$A:$A, SURVLOOKUP!$P:$P) -> 1 | AZ10: 1 | BA10: =TEXT(VLOOKUP(D10, METADATALOOKUP!$A:$AI, 34, FALSE), "@") -> 10-20% | BB10: =IF(AZ10=0, "Non-Responder", "Responder") -> Responder | BC10: 0.166 | BE10: 24 | BF10: 6.024096 | BG10: 43.9759 | BH10: 25.4 | BI10: 0.984252 | BJ10: UDI0277 | BK10: TATACATC | BL10: AATCTGAA
A11: Pilot2_12 | B11: =VLOOKUP(A11, IDSLOOKUP!C:E, 2, FALSE) -> Screen | C11: =(_xlfn.XLOOKUP(D11,RAWMETADATALOOKUP_P1!A:A,RAWMETADATALOOKUP_P1!M:M)) -> Larynx | D11: =VLOOKUP(A11, IDSLOOKUP!C:E, 3, FALSE) -> HN01-51 | E11: =VLOOKUP(A11,CFDNALOOKUP!AG:AI,2,FALSE) -> 44090 | F11: =VLOOKUP(A11,CFDNALOOKUP!AG:AI,3,FALSE) -> 44180 | G11: =VLOOKUP(D11, SURVLOOKUP!$A:$Q, 2, FALSE) -> 43974 | H11: =VLOOKUP(D11, SURVLOOKUP!$A:$Q, 3, FALSE) -> 43997 | I11: =VLOOKUP(D11, SURVLOOKUP!$A:$Q, 4, FALSE) -> 44000 | J11: =VLOOKUP(D11, SURVLOOKUP!$A:$Q, 5, FALSE) -> 44008 | K11: =VLOOKUP(D11, SURVLOOKUP!$A:$Q, 6, FALSE) -> NA | L11: =VLOOKUP(D11, SURVLOOKUP!$A:$Q, 7, FALSE) -> NA | M11: =VLOOKUP(D11, SURVLOOKUP!$A:$Q, 8, FALSE) -> NA | N11: =VLOOKUP(D11, SURVLOOKUP!$A:$Q, 9, FALSE) -> NA | O11: =VLOOKUP(D11, SURVLOOKUP!$A:$Q, 10, FALSE) -> NA | P11: =VLOOKUP(D11, OLDSURVLOOKUP!$A:$AA, 19, FALSE) -> 44333 | Q11: =VLOOKUP(D11, SURVLOOKUP!$A:$Q, 11, FALSE) -> 45064 | V11: =_xlfn.XLOOKUP(D11, OLDSURVLOOKUP!$A:$A, OLDSURVLOOKUP!V:V) -> 0 | W11: =VLOOKUP(D11, SURVLOOKUP!$A:$Q, 14, FALSE) -> 0 | X11: =_xlfn.XLOOKUP(D11, OLDSURVLOOKUP!$A:$A, OLDSURVLOOKUP!X:X) -> 0 | Y11: =VLOOKUP(D11, SURVLOOKUP!$A:$Q, 15, FALSE) -> 0 | Z11: =IF(V11=0, DATEDIF(I11,P11,"M")+DATEDIF(I11,P11,"MD")/DAY(EOMONTH(I11,0)), DATEDIF(I11,R11,"M")+DATEDIF(I11,R11,"MD")/DAY(EOMONTH(I11,0))) -> 10.966667 | AA11: =IF(W11=0, DATEDIF(I11,Q11,"M")+DATEDIF(I11,Q11,"MD")/DAY(EOMONTH(I11,0)), DATEDIF(I11,S11,"M")+DATEDIF(I11,S11,"MD")/DAY(EOMONTH(I11,0))) -> 35 | AB11: =IF(X11=0, DATEDIF(I11,P11,"M")+DATEDIF(I11,P11,"MD")/DAY(EOMONTH(I11,0)), DATEDIF(I11,T11,"M")+DATEDIF(I11,T11,"MD")/DAY(EOMONTH(I11,0))) -> 10.966667 | AC11: =IF(Y11=0, DATEDIF(I11,Q11,"M")+DATEDIF(I11,Q11,"MD")/DAY(EOMONTH(I11,0)), DATEDIF(I11,U11,"M")+DATEDIF(I11,U11,"MD")/DAY(EOMONTH(I11,0))) -> 35 | AD11: =IF(V11=0, DATEDIF(J11,P11,"M")+DATEDIF(J11,P11,"MD")/DAY(EOMONTH(J11,0)), DATEDIF(J11,R11,"M")+DATEDIF(J11,R11,"MD")/DAY(EOMONTH(J11,0))) -> 10.7 | AE11: =IF(W11=0, DATEDIF(J11,Q11,"M")+DATEDIF(J11,Q11,"MD")/DAY(EOMONTH(J11,0)), DATEDIF(J11,S11,"M")+DATEDIF(J11,S11,"MD")/DAY(EOMONTH(J11,0))) -> 34.733333 | AF11: =IF(X11=0, DATEDIF(J11,P11,"M")+DATEDIF(J11,P11,"MD")/DAY(EOMONTH(J11,0)), DATEDIF(J11,T11,"M")+DATEDIF(J11,T11,"MD")/DAY(EOMONTH(J11,0))) -> 10.7 | AG11: =IF(Y11=0, DATEDIF(J11,Q11,"M")+DATEDIF(J11,Q11,"MD")/DAY(EOMONTH(J11,0)), DATEDIF(J11,U11,"M")+DATEDIF(J11,U11,"MD")/DAY(EOMONTH(J11,0))) -> 34.733333 | AL11: =IF(MID(A11,FIND("_",A11)-1,1)="2", 2, 1) -> 2 | AM11: =IFERROR( CHOOSE( VALUE(MID(D11, FIND("-", D11) - 1, 1)), "University of Cincinnati", "Ohio State University", "Medical University of South Carolina", "University of Michigan", "University of Louisville", "MD Anderson" ), "Unknown" ) -> University of Cincinnati | AN11: 0 | AO11: 4 | AP11: =(_xlfn.XLOOKUP($D11,RAWMETADATALOOKUP_P1!$A:$A,RAWMETADATALOOKUP_P1!F:F)) -> 75 | AQ11: =(_xlfn.XLOOKUP($D11,RAWMETADATALOOKUP_P1!$A:$A,RAWMETADATALOOKUP_P1!G:G)) -> Male | AR11: =(_xlfn.XLOOKUP($D11,RAWMETADATALOOKUP_P1!$A:$A,RAWMETADATALOOKUP_P1!H:H)) -> White | AS11: =(_xlfn.XLOOKUP($D11,RAWMETADATALOOKUP_P1!$A:$A,RAWMETADATALOOKUP_P1!I:I)) -> Yes | AT11: =(_xlfn.XLOOKUP($D11,RAWMETADATALOOKUP_P1!$A:$A,RAWMETADATALOOKUP_P1!J:J)) -> Non-Hispanic | AU11: =(_xlfn.XLOOKUP($D11,RAWMETADATALOOKUP_P1!$A:$A,RAWMETADATALOOKUP_P1!K:K)) -> No | AV11: =(_xlfn.XLOOKUP($D11,RAWMETADATALOOKUP_P1!$A:$A,RAWMETADATALOOKUP_P1!Q:Q)) -> T4aN0M0 | AW11: =LEFT(_xlfn.XLOOKUP(D11, RAWMETADATALOOKUP_P2!A:A,RAWMETADATALOOKUP_P2!G:G), FIND(" ", _xlfn.XLOOKUP(D11, RAWMETADATALOOKUP_P2!A:A,RAWMETADATALOOKUP_P2!G:G)&" ")-1) -> Intermediate | AX11: =(_xlfn.XLOOKUP($D11,RAWMETADATALOOKUP_P1!$A:$A,RAWMETADATALOOKUP_P1!R:R)) -> Unknown | AY11: =LOOKUP(D11, SURVLOOKUP!$A:$A, SURVLOOKUP!$P:$P) -> 1 | AZ11: 3 | BA11: 0.3 | BB11: =IF(AZ11=0, "Non-Responder", "Responder") -> Responder | BC11: 0.154 | BE11: 24 | BF11: 6.493506 | BG11: 43.50649 | BH11: 21 | BI11: 1.190476 | BJ11: UDI0265 | BK11: TATACCAT | BL11: AATGCCAC
A12: Pilot2_13 | B12: =VLOOKUP(A12, IDSLOOKUP!C:E, 2, FALSE) -> Day 0 | C12: =(_xlfn.XLOOKUP(D12,RAWMETADATALOOKUP_P1!A:A,RAWMETADATALOOKUP_P1!M:M)) -> Larynx | D12: =VLOOKUP(A12, IDSLOOKUP!C:E, 3, FALSE) -> HN01-51 | E12: =VLOOKUP(A12,CFDNALOOKUP!AG:AI,2,FALSE) -> 44090 | F12: =VLOOKUP(A12,CFDNALOOKUP!AG:AI,3,FALSE) -> 44179 | G12: =VLOOKUP(D12, SURVLOOKUP!$A:$Q, 2, FALSE) -> 43974 | H12: =VLOOKUP(D12, SURVLOOKUP!$A:$Q, 3, FALSE) -> 43997 | I12: =VLOOKUP(D12, SURVLOOKUP!$A:$Q, 4, FALSE) -> 44000 | J12: =VLOOKUP(D12, SURVLOOKUP!$A:$Q, 5, FALSE) -> 44008 | K12: =VLOOKUP(D12, SURVLOOKUP!$A:$Q, 6, FALSE) -> NA | L12: =VLOOKUP(D12, SURVLOOKUP!$A:$Q, 7, FALSE) -> NA | M12: =VLOOKUP(D12, SURVLOOKUP!$A:$Q, 8, FALSE) -> NA | N12: =VLOOKUP(D12, SURVLOOKUP!$A:$Q, 9, FALSE) -> NA | O12: =VLOOKUP(D12, SURVLOOKUP!$A:$Q, 10, FALSE) -> NA | P12: =VLOOKUP(D12, OLDSURVLOOKUP!$A:$AA, 19, FALSE) -> 44333 | Q12: =VLOOKUP(D12, SURVLOOKUP!$A:$Q, 11, FALSE) -> 45064 | V12: =_xlfn.XLOOKUP(D12, OLDSURVLOOKUP!$A:$A, OLDSURVLOOKUP!V:V) -> 0 | W12: =VLOOKUP(D12, SURVLOOKUP!$A:$Q, 14, FALSE) -> 0 | X12: =_xlfn.XLOOKUP(D12, OLDSURVLOOKUP!$A:$A, OLDSURVLOOKUP!X:X) -> 0 | Y12: =VLOOKUP(D12, SURVLOOKUP!$A:$Q, 15, FALSE) -> 0 | Z12: =IF(V12=0, DATEDIF(I12,P12,"M")+DATEDIF(I12,P12,"MD")/DAY(EOMONTH(I12,0)), DATEDIF(I12,R12,"M")+DATEDIF(I12,R12,"MD")/DAY(EOMONTH(I12,0))) -> 10.966667 | AA12: =IF(W12=0, DATEDIF(I12,Q12,"M")+DATEDIF(I12,Q12,"MD")/DAY(EOMONTH(I12,0)), DATEDIF(I12,S12,"M")+DATEDIF(I12,S12,"MD")/DAY(EOMONTH(I12,0))) -> 35 | AB12: =IF(X12=0, DATEDIF(I12,P12,"M")+DATEDIF(I12,P12,"MD")/DAY(EOMONTH(I12,0)), DATEDIF(I12,T12,"M")+DATEDIF(I12,T12,"MD")/DAY(EOMONTH(I12,0))) -> 10.966667 | AC12: =IF(Y12=0, DATEDIF(I12,Q12,"M")+DATEDIF(I12,Q12,"MD")/DAY(EOMONTH(I12,0)), DATEDIF(I12,U12,"M")+DATEDIF(I12,U12,"MD")/DAY(EOMONTH(I12,0))) -> 35 | AD12: =IF(V12=0, DATEDIF(J12,P12,"M")+DATEDIF(J12,P12,"MD")/DAY(EOMONTH(J12,0)), DATEDIF(J12,R12,"M")+DATEDIF(J12,R12,"MD")/DAY(EOMONTH(J12,0))) -> 10.7 | AE12: =IF(W12=0, DATEDIF(J12,Q12,"M")+DATEDIF(J12,Q12,"MD")/DAY(EOMONTH(J12,0)), DATEDIF(J12,S12,"M")+DATEDIF(J12,S12,"MD")/DAY(EOMONTH(J12,0))) -> 34.733333 | AF12: =IF(X12=0, DATEDIF(J12,P12,"M")+DATEDIF(J12,P12,"MD")/DAY(EOMONTH(J12,0)), DATEDIF(J12,T12,"M")+DATEDIF(J12,T12,"MD")/DAY(EOMONTH(J12,0))) -> 10.7 | AG12: =IF(Y12=0, DATEDIF(J12,Q12,"M")+DATEDIF(J12,Q12,"MD")/DAY(EOMONTH(J12,0)), DATEDIF(J12,U12,"M")+DATEDIF(J12,U12,"MD")/DAY(EOMONTH(J12,0))) -> 34.733333 | AL12: =IF(MID(A12,FIND("_",A12)-1,1)="2", 2, 1) -> 2 | AM12: =IFERROR( CHOOSE( VALUE(MID(D12, FIND("-", D12) - 1, 1)), "University of Cincinnati", "Ohio State University", "Medical University of South Carolina", "University of Michigan", "University of Louisville", "MD Anderson" ), "Unknown" ) -> University of Cincinnati | AN12: 0 | AO12: 4 | AP12: =(_xlfn.XLOOKUP($D12,RAWMETADATALOOKUP_P1!$A:$A,RAWMETADATALOOKUP_P1!F:F)) -> 75 | AQ12: =(_xlfn.XLOOKUP($D12,RAWMETADATALOOKUP_P1!$A:$A,RAWMETADATALOOKUP_P1!G:G)) -> Male | AR12: =(_xlfn.XLOOKUP($D12,RAWMETADATALOOKUP_P1!$A:$A,RAWMETADATALOOKUP_P1!H:H)) -> White | AS12: =(_xlfn.XLOOKUP($D12,RAWMETADATALOOKUP_P1!$A:$A,RAWMETADATALOOKUP_P1!I:I)) -> Yes | AT12: =(_xlfn.XLOOKUP($D12,RAWMETADATALOOKUP_P1!$A:$A,RAWMETADATALOOKUP_P1!J:J)) -> Non-Hispanic | AU12: =(_xlfn.XLOOKUP($D12,RAWMETADATALOOKUP_P1!$A:$A,RAWMETADATALOOKUP_P1!K:K)) -> No | AV12: =(_xlfn.XLOOKUP($D12,RAWMETADATALOOKUP_P1!$A:$A,RAWMETADATALOOKUP_P1!Q:Q)) -> T4aN0M0 | AW12: =LEFT(_xlfn.XLOOKUP(D12, RAWMETADATALOOKUP_P2!A:A,RAWMETADATALOOKUP_P2!G:G), FIND(" ", _xlfn.XLOOKUP(D12, RAWMETADATALOOKUP_P2!A:A,RAWMETADATALOOKUP_P2!G:G)&" ")-1) -> Intermediate | AX12: =(_xlfn.XLOOKUP($D12,RAWMETADATALOOKUP_P1!$A:$A,RAWMETADATALOOKUP_P1!R:R)) -> Unknown | AY12: =LOOKUP(D12, SURVLOOKUP!$A:$A, SURVLOOKUP!$P:$P) -> 1 | AZ12: 3 | BA12: 0.3 | BB12: =IF(AZ12=0, "Non-Responder", "Responder") -> Responder | BC12: 0.212 | BE12: 24 | BF12: 4.716981 | BG12: 45.28302 | BH12: 18.5 | BI12: 1.351351 | BJ12: UDI0278 | BK12: ATCGTTAG | BL12: TGCGAAGT
A13: Pilot2_14 | B13: =VLOOKUP(A13, IDSLOOKUP!C:E, 2, FALSE) -> Screen | C13: =VLOOKUP(D13, METADATALOOKUP!$A:$AI, 13, FALSE) -> Oral Cavity | D13: =VLOOKUP(A13, IDSLOOKUP!C:E, 3, FALSE) -> HN02-01 | E13: =VLOOKUP(A13,CFDNALOOKUP!AG:AI,2,FALSE) -> 44090 | F13: =VLOOKUP(A13,CFDNALOOKUP!AG:AI,3,FALSE) -> 44180 | G13: =VLOOKUP(D13, SURVLOOKUP!$A:$Q, 2, FALSE) -> 42774 | H13: =VLOOKUP(D13, SURVLOOKUP!$A:$Q, 3, FALSE) -> 42900 | I13: =VLOOKUP(D13, SURVLOOKUP!$A:$Q, 4, FALSE) -> 42908 | J13: =VLOOKUP(D13, SURVLOOKUP!$A:$Q, 5, FALSE) -> 42921 | K13: =VLOOKUP(D13, SURVLOOKUP!$A:$Q, 6, FALSE) -> 42962 | L13: =VLOOKUP(D13, SURVLOOKUP!$A:$Q, 7, FALSE) -> 43004 | M13: =VLOOKUP(D13, SURVLOOKUP!$A:$Q, 8, FALSE) -> 42955 | N13: =VLOOKUP(D13, SURVLOOKUP!$A:$Q, 9, FALSE) -> 43060 | O13: =VLOOKUP(D13, SURVLOOKUP!$A:$Q, 10, FALSE) -> NA | P13: =VLOOKUP(D13, OLDSURVLOOKUP!$A:$AA, 19, FALSE) -> 43625 | Q13: =VLOOKUP(D13, SURVLOOKUP!$A:$Q, 11, FALSE) -> 43625 | R13: =VLOOKUP(D13, OLDSURVLOOKUP!$A:$AA, 20, FALSE) -> 43220 | S13: =VLOOKUP(D13, SURVLOOKUP!$A:$Q, 12, FALSE) -> 43220 | T13: =VLOOKUP(D13, OLDSURVLOOKUP!$A:$AA, 21, FALSE) -> 43626 | U13: =VLOOKUP(D13, SURVLOOKUP!$A:$Q, 13, FALSE) -> 43626 | V13: =_xlfn.XLOOKUP(D13, OLDSURVLOOKUP!$A:$A, OLDSURVLOOKUP!V:V) -> 1 | W13: =VLOOKUP(D13, SURVLOOKUP!$A:$Q, 14, FALSE) -> 1 | X13: =_xlfn.XLOOKUP(D13, OLDSURVLOOKUP!$A:$A, OLDSURVLOOKUP!X:X) -> 1 | Y13: =VLOOKUP(D13, SURVLOOKUP!$A:$Q, 15, FALSE) -> 1 | Z13: =IF(V13=0, DATEDIF(I13,P13,"M")+DATEDIF(I13,P13,"MD")/DAY(EOMONTH(I13,0)), DATEDIF(I13,R13,"M")+DATEDIF(I13,R13,"MD")/DAY(EOMONTH(I13,0))) -> 10.266667 | AA13: =IF(W13=0, DATEDIF(I13,Q13,"M")+DATEDIF(I13,Q13,"MD")/DAY(EOMONTH(I13,0)), DATEDIF(I13,S13,"M")+DATEDIF(I13,S13,"MD")/DAY(EOMONTH(I13,0))) -> 10.266667 | AB13: =IF(X13=0, DATEDIF(I13,P13,"M")+DATEDIF(I13,P13,"MD")/DAY(EOMONTH(I13,0)), DATEDIF(I13,T13,"M")+DATEDIF(I13,T13,"MD")/DAY(EOMONTH(I13,0))) -> 23.633333 | AC13: =IF(Y13=0, DATEDIF(I13,Q13,"M")+DATEDIF(I13,Q13,"MD")/DAY(EOMONTH(I13,0)), DATEDIF(I13,U13,"M")+DATEDIF(I13,U13,"MD")/DAY(EOMONTH(I13,0))) -> 23.633333 | AD13: =IF(V13=0, DATEDIF(J13,P13,"M")+DATEDIF(J13,P13,"MD")/DAY(EOMONTH(J13,0)), DATEDIF(J13,R13,"M")+DATEDIF(J13,R13,"MD")/DAY(EOMONTH(J13,0))) -> 9.8064516 | AE13: =IF(W13=0, DATEDIF(J13,Q13,"M")+DATEDIF(J13,Q13,"MD")/DAY(EOMONTH(J13,0)), DATEDIF(J13,S13,"M")+DATEDIF(J13,S13,"MD")/DAY(EOMONTH(J13,0))) -> 9.8064516 | AF13: =IF(X13=0, DATEDIF(J13,P13,"M")+DATEDIF(J13,P13,"MD")/DAY(EOMONTH(J13,0)), DATEDIF(J13,T13,"M")+DATEDIF(J13,T13,"MD")/DAY(EOMONTH(J13,0))) -> 23.16129 | AG13: =IF(Y13=0, DATEDIF(J13,Q13,"M")+DATEDIF(J13,Q13,"MD")/DAY(EOMONTH(J13,0)), DATEDIF(J13,U13,"M")+DATEDIF(J13,U13,"MD")/DAY(EOMONTH(J13,0))) -> 23.16129 | AH13: =IF(V13=0, DATEDIF(M13,P13,"M")+DATEDIF(M13,P13,"MD")/DAY(EOMONTH(M13,0)), DATEDIF(M13,R13,"M")+DATEDIF(M13,R13,"MD")/DAY(EOMONTH(M13,0))) -> 8.7096774 | AI13: =IF(W13=0, DATEDIF(M13,Q13,"M")+DATEDIF(M13,Q13,"MD")/DAY(EOMONTH(M13,0)), DATEDIF(M13,S13,"M")+DATEDIF(M13,S13,"MD")/DAY(EOMONTH(M13,0))) -> 8.7096774 | AJ13: =IF(X13=0, DATEDIF(M13,P13,"M")+DATEDIF(M13,P13,"MD")/DAY(EOMONTH(M13,0)), DATEDIF(M13,T13,"M")+DATEDIF(M13,T13,"MD")/DAY(EOMONTH(M13,0))) -> 22.064516 | AK13: =IF(Y13=0, DATEDIF(M13,Q13,"M")+DATEDIF(M13,Q13,"MD")/DAY(EOMONTH(M13,0)), DATEDIF(M13,U13,"M")+DATEDIF(M13,U13,"MD")/DAY(EOMONTH(M13,0))) -> 22.064516 | AL13: =IF(MID(A13,FIND("_",A13)-1,1)="2", 2, 1) -> 2 | AM13: =IFERROR( CHOOSE( VALUE(MID(D13, FIND("-", D13) - 1, 1)), "University of Cincinnati", "Ohio State University", "Medical University of South Carolina", "University of Michigan", "University of Louisville", "MD Anderson" ), "Unknown" ) -> Ohio State University | AN13: 0 | AO13: 5 | AP13: =VLOOKUP(D13, METADATALOOKUP!$A:$AI, 7, FALSE) -> 70 | AQ13: =VLOOKUP(D13, METADATALOOKUP!$A:$AI, 8, FALSE) -> Female | AR13: =VLOOKUP(D13, METADATALOOKUP!$A:$AI, 9, FALSE) -> White | AS13: =VLOOKUP(D13, METADATALOOKUP!$A:$AI, 11, FALSE) -> No | AT13: =VLOOKUP(D13, METADATALOOKUP!$A:$AI, 10, FALSE) -> Non-Hispanic | AU13: =VLOOKUP(D13, METADATALOOKUP!$A:$AI, 12, FALSE) -> No | AV13: =VLOOKUP(D13, METADATALOOKUP!$A:$AI, 14, FALSE) -> cT4N2bM0 | AW13: =VLOOKUP(D13, METADATALOOKUP!$A:$AI, 6, FALSE) -> High | AX13: =VLOOKUP(D13, METADATALOOKUP!$A:$AI, 19, FALSE) -> Unknown | AY13: =LOOKUP(D13, SURVLOOKUP!$A:$A, SURVLOOKUP!$P:$P) -> 1 | AZ13: 0 | BA13: =TEXT(VLOOKUP(D13, METADATALOOKUP!$A:$AI, 34, FALSE), "@") -> <10% | BB13: =IF(AZ13=0, "Non-Responder", "Responder") -> Non-Responder | BC13: 0.21 | BE13: 24 | BF13: 4.761905 | BG13: 45.2381 | BH13: 14 | BI13: 1.785714 | BJ13: UDI0278 | BK13: ATCGTTAG | BL13: TGCGAAGT
A14: Pilot2_15 | B14: =VLOOKUP(A14, IDSLOOKUP!C:E, 2, FALSE) -> Day 0 | C14: =VLOOKUP(D14, METADATALOOKUP!$A:$AI, 13, FALSE) -> Oral Cavity | D14: =VLOOKUP(A14, IDSLOOKUP!C:E, 3, FALSE) -> HN02-01 | E14: =VLOOKUP(A14,CFDNALOOKUP!AG:AI,2,FALSE) -> 44090 | F14: =VLOOKUP(A14,CFDNALOOKUP!AG:AI,3,FALSE) -> 44179 | G14: =VLOOKUP(D14, SURVLOOKUP!$A:$Q, 2, FALSE) -> 42774 | H14: =VLOOKUP(D14, SURVLOOKUP!$A:$Q, 3, FALSE) -> 42900 | I14: =VLOOKUP(D14, SURVLOOKUP!$A:$Q, 4, FALSE) -> 42908 | J14: =VLOOKUP(D14, SURVLOOKUP!$A:$Q, 5, FALSE) -> 42921 | K14: =VLOOKUP(D14, SURVLOOKUP!$A:$Q, 6, FALSE) -> 42962 | L14: =VLOOKUP(D14, SURVLOOKUP!$A:$Q, 7, FALSE) -> 43004 | M14: =VLOOKUP(D14, SURVLOOKUP!$A:$Q, 8, FALSE) -> 42955 | N14: =VLOOKUP(D14, SURVLOOKUP!$A:$Q, 9, FALSE) -> 43060 | O14: =VLOOKUP(D14, SURVLOOKUP!$A:$Q, 10, FALSE) -> NA | P14: =VLOOKUP(D14, OLDSURVLOOKUP!$A:$AA, 19, FALSE) -> 43625 | Q14: =VLOOKUP(D14, SURVLOOKUP!$A:$Q, 11, FALSE) -> 43625 | R14: =VLOOKUP(D14, OLDSURVLOOKUP!$A:$AA, 20, FALSE) -> 43220 | S14: =VLOOKUP(D14, SURVLOOKUP!$A:$Q, 12, FALSE) -> 43220 | T14: =VLOOKUP(D14, OLDSURVLOOKUP!$A:$AA, 21, FALSE) -> 43626 | U14: =VLOOKUP(D14, SURVLOOKUP!$A:$Q, 13, FALSE) -> 43626 | V14: =_xlfn.XLOOKUP(D14, OLDSURVLOOKUP!$A:$A, OLDSURVLOOKUP!V:V) -> 1 | W14: =VLOOKUP(D14, SURVLOOKUP!$A:$Q, 14, FALSE) -> 1 | X14: =_xlfn.XLOOKUP(D14, OLDSURVLOOKUP!$A:$A, OLDSURVLOOKUP!X:X) -> 1 | Y14: =VLOOKUP(D14, SURVLOOKUP!$A:$Q, 15, FALSE) -> 1 | Z14: =IF(V14=0, DATEDIF(I14,P14,"M")+DATEDIF(I14,P14,"MD")/DAY(EOMONTH(I14,0)), DATEDIF(I14,R14,"M")+DATEDIF(I14,R14,"MD")/DAY(EOMONTH(I14,0))) -> 10.266667 | AA14: =IF(W14=0, DATEDIF(I14,Q14,"M")+DATEDIF(I14,Q14,"MD")/DAY(EOMONTH(I14,0)), DATEDIF(I14,S14,"M")+DATEDIF(I14,S14,"MD")/DAY(EOMONTH(I14,0))) -> 10.266667 | AB14: =IF(X14=0, DATEDIF(I14,P14,"M")+DATEDIF(I14,P14,"MD")/DAY(EOMONTH(I14,0)), DATEDIF(I14,T14,"M")+DATEDIF(I14,T14,"MD")/DAY(EOMONTH(I14,0))) -> 23.633333 | AC14: =IF(Y14=0, DATEDIF(I14,Q14,"M")+DATEDIF(I14,Q14,"MD")/DAY(EOMONTH(I14,0)), DATEDIF(I14,U14,"M")+DATEDIF(I14,U14,"MD")/DAY(EOMONTH(I14,0))) -> 23.633333 | AD14: =IF(V14=0, DATEDIF(J14,P14,"M")+DATEDIF(J14,P14,"MD")/DAY(EOMONTH(J14,0)), DATEDIF(J14,R14,"M")+DATEDIF(J14,R14,"MD")/DAY(EOMONTH(J14,0))) -> 9.8064516 | AE14: =IF(W14=0, DATEDIF(J14,Q14,"M")+DATEDIF(J14,Q14,"MD")/DAY(EOMONTH(J14,0)), DATEDIF(J14,S14,"M")+DATEDIF(J14,S14,"MD")/DAY(EOMONTH(J14,0))) -> 9.8064516 | AF14: =IF(X14=0, DATEDIF(J14,P14,"M")+DATEDIF(J14,P14,"MD")/DAY(EOMONTH(J14,0)), DATEDIF(J14,T14,"M")+DATEDIF(J14,T14,"MD")/DAY(EOMONTH(J14,0))) -> 23.16129 | AG14: =IF(Y14=0, DATEDIF(J14,Q14,"M")+DATEDIF(J14,Q14,"MD")/DAY(EOMONTH(J14,0)), DATEDIF(J14,U14,"M")+DATEDIF(J14,U14,"MD")/DAY(EOMONTH(J14,0))) -> 23.16129 | AH14: =IF(V14=0, DATEDIF(M14,P14,"M")+DATEDIF(M14,P14,"MD")/DAY(EOMONTH(M14,0)), DATEDIF(M14,R14,"M")+DATEDIF(M14,R14,"MD")/DAY(EOMONTH(M14,0))) -> 8.7096774 | AI14: =IF(W14=0, DATEDIF(M14,Q14,"M")+DATEDIF(M14,Q14,"MD")/DAY(EOMONTH(M14,0)), DATEDIF(M14,S14,"M")+DATEDIF(M14,S14,"MD")/DAY(EOMONTH(M14,0))) -> 8.7096774 | AJ14: =IF(X14=0, DATEDIF(M14,P14,"M")+DATEDIF(M14,P14,"MD")/DAY(EOMONTH(M14,0)), DATEDIF(M14,T14,"M")+DATEDIF(M14,T14,"MD")/DAY(EOMONTH(M14,0))) -> 22.064516 | AK14: =IF(Y14=0, DATEDIF(M14,Q14,"M")+DATEDIF(M14,Q14,"MD")/DAY(EOMONTH(M14,0)), DATEDIF(M14,U14,"M")+DATEDIF(M14,U14,"MD")/DAY(EOMONTH(M14,0))) -> 22.064516 | AL14: =IF(MID(A14,FIND("_",A14)-1,1)="2", 2, 1) -> 2 | AM14: =IFERROR( CHOOSE( VALUE(MID(D14, FIND("-", D14) - 1, 1)), "University of Cincinnati", "Ohio State University", "Medical University of South Carolina", "University of Michigan", "University of Louisville", "MD Anderson" ), "Unknown" ) -> Ohio State University | AN14: 0 | AO14: 5 | AP14: =VLOOKUP(D14, METADATALOOKUP!$A:$AI, 7, FALSE) -> 70 | AQ14: =VLOOKUP(D14, METADATALOOKUP!$A:$AI, 8, FALSE) -> Female | AR14: =VLOOKUP(D14, METADATALOOKUP!$A:$AI, 9, FALSE) -> White | AS14: =VLOOKUP(D14, METADATALOOKUP!$A:$AI, 11, FALSE) -> No | AT14: =VLOOKUP(D14, METADATALOOKUP!$A:$AI, 10, FALSE) -> Non-Hispanic | AU14: =VLOOKUP(D14, METADATALOOKUP!$A:$AI, 12, FALSE) -> No | AV14: =VLOOKUP(D14, METADATALOOKUP!$A:$AI, 14, FALSE) -> cT4N2bM0 | AW14: =VLOOKUP(D14, METADATALOOKUP!$A:$AI, 6, FALSE) -> High | AX14: =VLOOKUP(D14, METADATALOOKUP!$A:$AI, 19, FALSE) -> Unknown | AY14: =LOOKUP(D14, SURVLOOKUP!$A:$A, SURVLOOKUP!$P:$P) -> 1 | AZ14: 0 | BA14: =TEXT(VLOOKUP(D14, METADATALOOKUP!$A:$AI, 34, FALSE), "@") -> <10% | BB14: =IF(AZ14=0, "Non-Responder", "Responder") -> Non-Responder | BC14: 0.416 | BE14: 24 | BF14: 2.403846 | BG14: 47.59615 | BH14: 14.9 | BI14: 1.677852 | BJ14: UDI0208 | BK14: TTGCCTCT | BL14: TGCGGCTA
A15: Pilot2_16 | B15: =VLOOKUP(A15, IDSLOOKUP!C:E, 2, FALSE) -> Screen | C15: =VLOOKUP(D15, METADATALOOKUP!$A:$AI, 13, FALSE) -> Oral Cavity | D15: =VLOOKUP(A15, IDSLOOKUP!C:E, 3, FALSE) -> HN02-06 | E15: =VLOOKUP(A15,CFDNALOOKUP!AG:AI,2,FALSE) -> 44090 | F15: =VLOOKUP(A15,CFDNALOOKUP!AG:AI,3,FALSE) -> 44180 | G15: =VLOOKUP(D15, SURVLOOKUP!$A:$Q, 2, FALSE) -> 43362 | H15: =VLOOKUP(D15, SURVLOOKUP!$A:$Q, 3, FALSE) -> 43374 | I15: =VLOOKUP(D15, SURVLOOKUP!$A:$Q, 4, FALSE) -> 43377 | J15: =VLOOKUP(D15, SURVLOOKUP!$A:$Q, 5, FALSE) -> 43388 | K15: =VLOOKUP(D15, SURVLOOKUP!$A:$Q, 6, FALSE) -> 43438 | L15: =VLOOKUP(D15, SURVLOOKUP!$A:$Q, 7, FALSE) -> 43479 | M15: =VLOOKUP(D15, SURVLOOKUP!$A:$Q, 8, FALSE) -> 43430 | N15: =VLOOKUP(D15, SURVLOOKUP!$A:$Q, 9, FALSE) -> 43536 | O15: =VLOOKUP(D15, SURVLOOKUP!$A:$Q, 10, FALSE) -> NA | P15: =VLOOKUP(D15, OLDSURVLOOKUP!$A:$AA, 19, FALSE) -> 44323 | Q15: =VLOOKUP(D15, SURVLOOKUP!$A:$Q, 11, FALSE) -> 44323 | R15: =VLOOKUP(D15, OLDSURVLOOKUP!$A:$AA, 20, FALSE) -> 43756 | S15: =VLOOKUP(D15, SURVLOOKUP!$A:$Q, 12, FALSE) -> 43756 | V15: =_xlfn.XLOOKUP(D15, OLDSURVLOOKUP!$A:$A, OLDSURVLOOKUP!V:V) -> 1 | W15: =VLOOKUP(D15, SURVLOOKUP!$A:$Q, 14, FALSE) -> 1 | X15: =_xlfn.XLOOKUP(D15, OLDSURVLOOKUP!$A:$A, OLDSURVLOOKUP!X:X) -> 0 | Y15: =VLOOKUP(D15, SURVLOOKUP!$A:$Q, 15, FALSE) -> 0 | Z15: =IF(V15=0, DATEDIF(I15,P15,"M")+DATEDIF(I15,P15,"MD")/DAY(EOMONTH(I15,0)), DATEDIF(I15,R15,"M")+DATEDIF(I15,R15,"MD")/DAY(EOMONTH(I15,0))) -> 12.451613 | AA15: =IF(W15=0, DATEDIF(I15,Q15,"M")+DATEDIF(I15,Q15,"MD")/DAY(EOMONTH(I15,0)), DATEDIF(I15,S15,"M")+DATEDIF(I15,S15,"MD")/DAY(EOMONTH(I15,0))) -> 12.451613 | AB15: =IF(X15=0, DATEDIF(I15,P15,"M")+DATEDIF(I15,P15,"MD")/DAY(EOMONTH(I15,0)), DATEDIF(I15,T15,"M")+DATEDIF(I15,T15,"MD")/DAY(EOMONTH(I15,0))) -> 31.096774 | AC15: =IF(Y15=0, DATEDIF(I15,Q15,"M")+DATEDIF(I15,Q15,"MD")/DAY(EOMONTH(I15,0)), DATEDIF(I15,U15,"M")+DATEDIF(I15,U15,"MD")/DAY(EOMONTH(I15,0))) -> 31.096774 | AD15: =IF(V15=0, DATEDIF(J15,P15,"M")+DATEDIF(J15,P15,"MD")/DAY(EOMONTH(J15,0)), DATEDIF(J15,R15,"M")+DATEDIF(J15,R15,"MD")/DAY(EOMONTH(J15,0))) -> 12.096774 | AE15: =IF(W15=0, DATEDIF(J15,Q15,"M")+DATEDIF(J15,Q15,"MD")/DAY(EOMONTH(J15,0)), DATEDIF(J15,S15,"M")+DATEDIF(J15,S15,"MD")/DAY(EOMONTH(J15,0))) -> 12.096774 | AF15: =IF(X15=0, DATEDIF(J15,P15,"M")+DATEDIF(J15,P15,"MD")/DAY(EOMONTH(J15,0)), DATEDIF(J15,T15,"M")+DATEDIF(J15,T15,"MD")/DAY(EOMONTH(J15,0))) -> 30.709677 | AG15: =IF(Y15=0, DATEDIF(J15,Q15,"M")+DATEDIF(J15,Q15,"MD")/DAY(EOMONTH(J15,0)), DATEDIF(J15,U15,"M")+DATEDIF(J15,U15,"MD")/DAY(EOMONTH(J15,0))) -> 30.709677 | AH15: =IF(V15=0, DATEDIF(M15,P15,"M")+DATEDIF(M15,P15,"MD")/DAY(EOMONTH(M15,0)), DATEDIF(M15,R15,"M")+DATEDIF(M15,R15,"MD")/DAY(EOMONTH(M15,0))) -> 10.733333 | AI15: =IF(W15=0, DATEDIF(M15,Q15,"M")+DATEDIF(M15,Q15,"MD")/DAY(EOMONTH(M15,0)), DATEDIF(M15,S15,"M")+DATEDIF(M15,S15,"MD")/DAY(EOMONTH(M15,0))) -> 10.733333 | AJ15: =IF(X15=0, DATEDIF(M15,P15,"M")+DATEDIF(M15,P15,"MD")/DAY(EOMONTH(M15,0)), DATEDIF(M15,T15,"M")+DATEDIF(M15,T15,"MD")/DAY(EOMONTH(M15,0))) -> 29.366667 | AK15: =IF(Y15=0, DATEDIF(M15,Q15,"M")+DATEDIF(M15,Q15,"MD")/DAY(EOMONTH(M15,0)), DATEDIF(M15,U15,"M")+DATEDIF(M15,U15,"MD")/DAY(EOMONTH(M15,0))) -> 29.366667 | AL15: =IF(MID(A15,FIND("_",A15)-1,1)="2", 2, 1) -> 2 | AM15: =IFERROR( CHOOSE( VALUE(MID(D15, FIND("-", D15) - 1, 1)), "University of Cincinnati", "Ohio State University", "Medical University of South Carolina", "University of Michigan", "University of Louisville", "MD Anderson" ), "Unknown" ) -> Ohio State University | AN15: 0 | AO15: 6 | AP15: =VLOOKUP(D15, METADATALOOKUP!$A:$AI, 7, FALSE) -> 55 | AQ15: =VLOOKUP(D15, METADATALOOKUP!$A:$AI, 8, FALSE) -> Male | AR15: =VLOOKUP(D15, METADATALOOKUP!$A:$AI, 9, FALSE) -> White | AS15: =VLOOKUP(D15, METADATALOOKUP!$A:$AI, 11, FALSE) -> Yes | AT15: =VLOOKUP(D15, METADATALOOKUP!$A:$AI, 10, FALSE) -> Non-Hispanic | AU15: =VLOOKUP(D15, METADATALOOKUP!$A:$AI, 12, FALSE) -> Yes | AV15: =VLOOKUP(D15, METADATALOOKUP!$A:$AI, 14, FALSE) -> T3NxMx | AW15: =VLOOKUP(D15, METADATALOOKUP!$A:$AI, 6, FALSE) -> Intermediate | AX15: =VLOOKUP(D15, METADATALOOKUP!$A:$AI, 19, FALSE) -> Unknown | AY15: =LOOKUP(D15, SURVLOOKUP!$A:$A, SURVLOOKUP!$P:$P) -> 0 | AZ15: 0 | BA15: =TEXT(VLOOKUP(D15, METADATALOOKUP!$A:$AI, 34, FALSE), "@") -> <10% | BB15: =IF(AZ15=0, "Non-Responder", "Responder") -> Non-Responder | BC15: 3.8 | BE15: 24 | BF15: 0.263158 | BG15: 49.73684 | BH15: 7.08 | BI15: 3.531073 | BJ15: UDI0247 | BK15: TCCTTGCG | BL15: CGCATGTG
A16: Pilot2_17 | B16: =VLOOKUP(A16, IDSLOOKUP!C:E, 2, FALSE) -> Day 0 | C16: =VLOOKUP(D16, METADATALOOKUP!$A:$AI, 13, FALSE) -> Oral Cavity | D16: =VLOOKUP(A16, IDSLOOKUP!C:E, 3, FALSE) -> HN02-06 | E16: =VLOOKUP(A16,CFDNALOOKUP!AG:AI,2,FALSE) -> 44090 | F16: =VLOOKUP(A16,CFDNALOOKUP!AG:AI,3,FALSE) -> 44179 | G16: =VLOOKUP(D16, SURVLOOKUP!$A:$Q, 2, FALSE) -> 43362 | H16: =VLOOKUP(D16, SURVLOOKUP!$A:$Q, 3, FALSE) -> 43374 | I16: =VLOOKUP(D16, SURVLOOKUP!$A:$Q, 4, FALSE) -> 43377 | J16: =VLOOKUP(D16, SURVLOOKUP!$A:$Q, 5, FALSE) -> 43388 | K16: =VLOOKUP(D16, SURVLOOKUP!$A:$Q, 6, FALSE) -> 43438 | L16: =VLOOKUP(D16, SURVLOOKUP!$A:$Q, 7, FALSE) -> 43479 | M16: =VLOOKUP(D16, SURVLOOKUP!$A:$Q, 8, FALSE) -> 43430 | N16: =VLOOKUP(D16, SURVLOOKUP!$A:$Q, 9, FALSE) -> 43536 | O16: =VLOOKUP(D16, SURVLOOKUP!$A:$Q, 10, FALSE) -> NA | P16: =VLOOKUP(D16, OLDSURVLOOKUP!$A:$AA, 19, FALSE) -> 44323 | Q16: =VLOOKUP(D16, SURVLOOKUP!$A:$Q, 11, FALSE) -> 44323 | R16: =VLOOKUP(D16, OLDSURVLOOKUP!$A:$AA, 20, FALSE) -> 43756 | S16: =VLOOKUP(D16, SURVLOOKUP!$A:$Q, 12, FALSE) -> 43756 | V16: =_xlfn.XLOOKUP(D16, OLDSURVLOOKUP!$A:$A, OLDSURVLOOKUP!V:V) -> 1 | W16: =VLOOKUP(D16, SURVLOOKUP!$A:$Q, 14, FALSE) -> 1 | X16: =_xlfn.XLOOKUP(D16, OLDSURVLOOKUP!$A:$A, OLDSURVLOOKUP!X:X) -> 0 | Y16: =VLOOKUP(D16, SURVLOOKUP!$A:$Q, 15, FALSE) -> 0 | Z16: =IF(V16=0, DATEDIF(I16,P16,"M")+DATEDIF(I16,P16,"MD")/DAY(EOMONTH(I16,0)), DATEDIF(I16,R16,"M")+DATEDIF(I16,R16,"MD")/DAY(EOMONTH(I16,0))) -> 12.451613 | AA16: =IF(W16=0, DATEDIF(I16,Q16,"M")+DATEDIF(I16,Q16,"MD")/DAY(EOMONTH(I16,0)), DATEDIF(I16,S16,"M")+DATEDIF(I16,S16,"MD")/DAY(EOMONTH(I16,0))) -> 12.451613 | AB16: =IF(X16=0, DATEDIF(I16,P16,"M")+DATEDIF(I16,P16,"MD")/DAY(EOMONTH(I16,0)), DATEDIF(I16,T16,"M")+DATEDIF(I16,T16,"MD")/DAY(EOMONTH(I16,0))) -> 31.096774 | AC16: =IF(Y16=0, DATEDIF(I16,Q16,"M")+DATEDIF(I16,Q16,"MD")/DAY(EOMONTH(I16,0)), DATEDIF(I16,U16,"M")+DATEDIF(I16,U16,"MD")/DAY(EOMONTH(I16,0))) -> 31.096774 | AD16: =IF(V16=0, DATEDIF(J16,P16,"M")+DATEDIF(J16,P16,"MD")/DAY(EOMONTH(J16,0)), DATEDIF(J16,R16,"M")+DATEDIF(J16,R16,"MD")/DAY(EOMONTH(J16,0))) -> 12.096774 | AE16: =IF(W16=0, DATEDIF(J16,Q16,"M")+DATEDIF(J16,Q16,"MD")/DAY(EOMONTH(J16,0)), DATEDIF(J16,S16,"M")+DATEDIF(J16,S16,"MD")/DAY(EOMONTH(J16,0))) -> 12.096774 | AF16: =IF(X16=0, DATEDIF(J16,P16,"M")+DATEDIF(J16,P16,"MD")/DAY(EOMONTH(J16,0)), DATEDIF(J16,T16,"M")+DATEDIF(J16,T16,"MD")/DAY(EOMONTH(J16,0))) -> 30.709677 | AG16: =IF(Y16=0, DATEDIF(J16,Q16,"M")+DATEDIF(J16,Q16,"MD")/DAY(EOMONTH(J16,0)), DATEDIF(J16,U16,"M")+DATEDIF(J16,U16,"MD")/DAY(EOMONTH(J16,0))) -> 30.709677 | AH16: =IF(V16=0, DATEDIF(M16,P16,"M")+DATEDIF(M16,P16,"MD")/DAY(EOMONTH(M16,0)), DATEDIF(M16,R16,"M")+DATEDIF(M16,R16,"MD")/DAY(EOMONTH(M16,0))) -> 10.733333 | AI16: =IF(W16=0, DATEDIF(M16,Q16,"M")+DATEDIF(M16,Q16,"MD")/DAY(EOMONTH(M16,0)), DATEDIF(M16,S16,"M")+DATEDIF(M16,S16,"MD")/DAY(EOMONTH(M16,0))) -> 10.733333 | AJ16: =IF(X16=0, DATEDIF(M16,P16,"M")+DATEDIF(M16,P16,"MD")/DAY(EOMONTH(M16,0)), DATEDIF(M16,T16,"M")+DATEDIF(M16,T16,"MD")/DAY(EOMONTH(M16,0))) -> 29.366667 | AK16: =IF(Y16=0, DATEDIF(M16,Q16,"M")+DATEDIF(M16,Q16,"MD")/DAY(EOMONTH(M16,0)), DATEDIF(M16,U16,"M")+DATEDIF(M16,U16,"MD")/DAY(EOMONTH(M16,0))) -> 29.366667 | AL16: =IF(MID(A16,FIND("_",A16)-1,1)="2", 2, 1) -> 2 | AM16: =IFERROR( CHOOSE( VALUE(MID(D16, FIND("-", D16) - 1, 1)), "University of Cincinnati", "Ohio State University", "Medical University of South Carolina", "University of Michigan", "University of Louisville", "MD Anderson" ), "Unknown" ) -> Ohio State University | AN16: 0 | AO16: 6 | AP16: =VLOOKUP(D16, METADATALOOKUP!$A:$AI, 7, FALSE) -> 55 | AQ16: =VLOOKUP(D16, METADATALOOKUP!$A:$AI, 8, FALSE) -> Male | AR16: =VLOOKUP(D16, METADATALOOKUP!$A:$AI, 9, FALSE) -> White | AS16: =VLOOKUP(D16, METADATALOOKUP!$A:$AI, 11, FALSE) -> Yes | AT16: =VLOOKUP(D16, METADATALOOKUP!$A:$AI, 10, FALSE) -> Non-Hispanic | AU16: =VLOOKUP(D16, METADATALOOKUP!$A:$AI, 12, FALSE) -> Yes | AV16: =VLOOKUP(D16, METADATALOOKUP!$A:$AI, 14, FALSE) -> T3NxMx | AW16: =VLOOKUP(D16, METADATALOOKUP!$A:$AI, 6, FALSE) -> Intermediate | AX16: =VLOOKUP(D16, METADATALOOKUP!$A:$AI, 19, FALSE) -> Unknown | AY16: =LOOKUP(D16, SURVLOOKUP!$A:$A, SURVLOOKUP!$P:$P) -> 0 | AZ16: 0 | BA16: =TEXT(VLOOKUP(D16, METADATALOOKUP!$A:$AI, 34, FALSE), "@") -> <10% | BB16: =IF(AZ16=0, "Non-Responder", "Responder") -> Non-Responder | BC16: 1.05 | BE16: 24 | BF16: 0.952381 | BG16: 49.04762 | BH16: 8.9 | BI16: 2.808989 | BJ16: UDI0281 | BK16: TACTAACG | BL16: CAAGTAAT
A17: Pilot2_18 | B17: =VLOOKUP(A17, IDSLOOKUP!C:E, 2, FALSE) -> Adj Wk 1 | C17: =VLOOKUP(D17, METADATALOOKUP!$A:$AI, 13, FALSE) -> Oral Cavity | D17: =VLOOKUP(A17, IDSLOOKUP!C:E, 3, FALSE) -> HN02-06 | E17: =VLOOKUP(A17,CFDNALOOKUP!AG:AI,2,FALSE) -> 44090 | F17: =VLOOKUP(A17,CFDNALOOKUP!AG:AI,3,FALSE) -> 44180 | G17: =VLOOKUP(D17, SURVLOOKUP!$A:$Q, 2, FALSE) -> 43362 | H17: =VLOOKUP(D17, SURVLOOKUP!$A:$Q, 3, FALSE) -> 43374 | I17: =VLOOKUP(D17, SURVLOOKUP!$A:$Q, 4, FALSE) -> 43377 | J17: =VLOOKUP(D17, SURVLOOKUP!$A:$Q, 5, FALSE) -> 43388 | K17: =VLOOKUP(D17, SURVLOOKUP!$A:$Q, 6, FALSE) -> 43438 | L17: =VLOOKUP(D17, SURVLOOKUP!$A:$Q, 7, FALSE) -> 43479 | M17: =VLOOKUP(D17, SURVLOOKUP!$A:$Q, 8, FALSE) -> 43430 | N17: =VLOOKUP(D17, SURVLOOKUP!$A:$Q, 9, FALSE) -> 43536 | O17: =VLOOKUP(D17, SURVLOOKUP!$A:$Q, 10, FALSE) -> NA | P17: =VLOOKUP(D17, OLDSURVLOOKUP!$A:$AA, 19, FALSE) -> 44323 | Q17: =VLOOKUP(D17, SURVLOOKUP!$A:$Q, 11, FALSE) -> 44323 | R17: =VLOOKUP(D17, OLDSURVLOOKUP!$A:$AA, 20, FALSE) -> 43756 | S17: =VLOOKUP(D17, SURVLOOKUP!$A:$Q, 12, FALSE) -> 43756 | V17: =_xlfn.XLOOKUP(D17, OLDSURVLOOKUP!$A:$A, OLDSURVLOOKUP!V:V) -> 1 | W17: =VLOOKUP(D17, SURVLOOKUP!$A:$Q, 14, FALSE) -> 1 | X17: =_xlfn.XLOOKUP(D17, OLDSURVLOOKUP!$A:$A, OLDSURVLOOKUP!X:X) -> 0 | Y17: =VLOOKUP(D17, SURVLOOKUP!$A:$Q, 15, FALSE) -> 0 | Z17: =IF(V17=0, DATEDIF(I17,P17,"M")+DATEDIF(I17,P17,"MD")/DAY(EOMONTH(I17,0)), DATEDIF(I17,R17,"M")+DATEDIF(I17,R17,"MD")/DAY(EOMONTH(I17,0))) -> 12.451613 | AA17: =IF(W17=0, DATEDIF(I17,Q17,"M")+DATEDIF(I17,Q17,"MD")/DAY(EOMONTH(I17,0)), DATEDIF(I17,S17,"M")+DATEDIF(I17,S17,"MD")/DAY(EOMONTH(I17,0))) -> 12.451613 | AB17: =IF(X17=0, DATEDIF(I17,P17,"M")+DATEDIF(I17,P17,"MD")/DAY(EOMONTH(I17,0)), DATEDIF(I17,T17,"M")+DATEDIF(I17,T17,"MD")/DAY(EOMONTH(I17,0))) -> 31.096774 | AC17: =IF(Y17=0, DATEDIF(I17,Q17,"M")+DATEDIF(I17,Q17,"MD")/DAY(EOMONTH(I17,0)), DATEDIF(I17,U17,"M")+DATEDIF(I17,U17,"MD")/DAY(EOMONTH(I17,0))) -> 31.096774 | AD17: =IF(V17=0, DATEDIF(J17,P17,"M")+DATEDIF(J17,P17,"MD")/DAY(EOMONTH(J17,0)), DATEDIF(J17,R17,"M")+DATEDIF(J17,R17,"MD")/DAY(EOMONTH(J17,0))) -> 12.096774 | AE17: =IF(W17=0, DATEDIF(J17,Q17,"M")+DATEDIF(J17,Q17,"MD")/DAY(EOMONTH(J17,0)), DATEDIF(J17,S17,"M")+DATEDIF(J17,S17,"MD")/DAY(EOMONTH(J17,0))) -> 12.096774 | AF17: =IF(X17=0, DATEDIF(J17,P17,"M")+DATEDIF(J17,P17,"MD")/DAY(EOMONTH(J17,0)), DATEDIF(J17,T17,"M")+DATEDIF(J17,T17,"MD")/DAY(EOMONTH(J17,0))) -> 30.709677 | AG17: =IF(Y17=0, DATEDIF(J17,Q17,"M")+DATEDIF(J17,Q17,"MD")/DAY(EOMONTH(J17,0)), DATEDIF(J17,U17,"M")+DATEDIF(J17,U17,"MD")/DAY(EOMONTH(J17,0))) -> 30.709677 | AH17: =IF(V17=0, DATEDIF(M17,P17,"M")+DATEDIF(M17,P17,"MD")/DAY(EOMONTH(M17,0)), DATEDIF(M17,R17,"M")+DATEDIF(M17,R17,"MD")/DAY(EOMONTH(M17,0))) -> 10.733333 | AI17: =IF(W17=0, DATEDIF(M17,Q17,"M")+DATEDIF(M17,Q17,"MD")/DAY(EOMONTH(M17,0)), DATEDIF(M17,S17,"M")+DATEDIF(M17,S17,"MD")/DAY(EOMONTH(M17,0))) -> 10.733333 | AJ17: =IF(X17=0, DATEDIF(M17,P17,"M")+DATEDIF(M17,P17,"MD")/DAY(EOMONTH(M17,0)), DATEDIF(M17,T17,"M")+DATEDIF(M17,T17,"MD")/DAY(EOMONTH(M17,0))) -> 29.366667 | AK17: =IF(Y17=0, DATEDIF(M17,Q17,"M")+DATEDIF(M17,Q17,"MD")/DAY(EOMONTH(M17,0)), DATEDIF(M17,U17,"M")+DATEDIF(M17,U17,"MD")/DAY(EOMONTH(M17,0))) -> 29.366667 | AL17: =IF(MID(A17,FIND("_",A17)-1,1)="2", 2, 1) -> 2 | AM17: =IFERROR( CHOOSE( VALUE(MID(D17, FIND("-", D17) - 1, 1)), "University of Cincinnati", "Ohio State University", "Medical University of South Carolina", "University of Michigan", "University of Louisville", "MD Anderson" ), "Unknown" ) -> Ohio State University | AN17: 0 | AO17: 6 | AP17: =VLOOKUP(D17, METADATALOOKUP!$A:$AI, 7, FALSE) -> 55 | AQ17: =VLOOKUP(D17, METADATALOOKUP!$A:$AI, 8, FALSE) -> Male | AR17: =VLOOKUP(D17, METADATALOOKUP!$A:$AI, 9, FALSE) -> White | AS17: =VLOOKUP(D17, METADATALOOKUP!$A:$AI, 11, FALSE) -> Yes | AT17: =VLOOKUP(D17, METADATALOOKUP!$A:$AI, 10, FALSE) -> Non-Hispanic | AU17: =VLOOKUP(D17, METADATALOOKUP!$A:$AI, 12, FALSE) -> Yes | AV17: =VLOOKUP(D17, METADATALOOKUP!$A:$AI, 14, FALSE) -> T3NxMx | AW17: =VLOOKUP(D17, METADATALOOKUP!$A:$AI, 6, FALSE) -> Intermediate | AX17: =VLOOKUP(D17, METADATALOOKUP!$A:$AI, 19, FALSE) -> Unknown | AY17: =LOOKUP(D17, SURVLOOKUP!$A:$A, SURVLOOKUP!$P:$P) -> 0 | AZ17: 0 | BA17: =TEXT(VLOOKUP(D17, METADATALOOKUP!$A:$AI, 34, FALSE), "@") -> <10% | BB17: =IF(AZ17=0, "Non-Responder", "Responder") -> Non-Responder | BC17: 0.478 | BE17: 24 | BF17: 2.09205 | BG17: 47.90795 | BH17: 8.3 | BI17: 3.012048 | BJ17: UDI0279 | BK17: GAATTACG | BL17: CAAGGAGA
A18: Pilot2_19 | B18: =VLOOKUP(A18, IDSLOOKUP!C:E, 2, FALSE) -> Screen | C18: =VLOOKUP(D18, METADATALOOKUP!$A:$AI, 13, FALSE) -> Oral Cavity | D18: =VLOOKUP(A18, IDSLOOKUP!C:E, 3, FALSE) -> HN02-07 | E18: =VLOOKUP(A18,CFDNALOOKUP!AG:AI,2,FALSE) -> 44090 | F18: =VLOOKUP(A18,CFDNALOOKUP!AG:AI,3,FALSE) -> 44179 | G18: =VLOOKUP(D18, SURVLOOKUP!$A:$Q, 2, FALSE) -> 43385 | H18: =VLOOKUP(D18, SURVLOOKUP!$A:$Q, 3, FALSE) -> 43433 | I18: =VLOOKUP(D18, SURVLOOKUP!$A:$Q, 4, FALSE) -> 43440 | J18: =VLOOKUP(D18, SURVLOOKUP!$A:$Q, 5, FALSE) -> 43454 | K18: =VLOOKUP(D18, SURVLOOKUP!$A:$Q, 6, FALSE) -> 43494 | L18: =VLOOKUP(D18, SURVLOOKUP!$A:$Q, 7, FALSE) -> 43538 | M18: =VLOOKUP(D18, SURVLOOKUP!$A:$Q, 8, FALSE) -> 43487 | N18: =VLOOKUP(D18, SURVLOOKUP!$A:$Q, 9, FALSE) -> 43592 | O18: =VLOOKUP(D18, SURVLOOKUP!$A:$Q, 10, FALSE) -> NA | P18: =VLOOKUP(D18, OLDSURVLOOKUP!$A:$AA, 19, FALSE) -> 43822 | Q18: =VLOOKUP(D18, SURVLOOKUP!$A:$Q, 11, FALSE) -> 43822 | R18: =VLOOKUP(D18, OLDSURVLOOKUP!$A:$AA, 20, FALSE) -> 43803 | S18: =VLOOKUP(D18, SURVLOOKUP!$A:$Q, 12, FALSE) -> 43803 | T18: =VLOOKUP(D18, OLDSURVLOOKUP!$A:$AA, 21, FALSE) -> 43823 | U18: =VLOOKUP(D18, SURVLOOKUP!$A:$Q, 13, FALSE) -> 43823 | V18: =_xlfn.XLOOKUP(D18, OLDSURVLOOKUP!$A:$A, OLDSURVLOOKUP!V:V) -> 1 | W18: =VLOOKUP(D18, SURVLOOKUP!$A:$Q, 14, FALSE) -> 1 | X18: =_xlfn.XLOOKUP(D18, OLDSURVLOOKUP!$A:$A, OLDSURVLOOKUP!X:X) -> 1 | Y18: =VLOOKUP(D18, SURVLOOKUP!$A:$Q, 15, FALSE) -> 1 | Z18: =IF(V18=0, DATEDIF(I18,P18,"M")+DATEDIF(I18,P18,"MD")/DAY(EOMONTH(I18,0)), DATEDIF(I18,R18,"M")+DATEDIF(I18,R18,"MD")/DAY(EOMONTH(I18,0))) -> 11.903226 | AA18: =IF(W18=0, DATEDIF(I18,Q18,"M")+DATEDIF(I18,Q18,"MD")/DAY(EOMONTH(I18,0)), DATEDIF(I18,S18,"M")+DATEDIF(I18,S18,"MD")/DAY(EOMONTH(I18,0))) -> 11.903226 | AB18: =IF(X18=0, DATEDIF(I18,P18,"M")+DATEDIF(I18,P18,"MD")/DAY(EOMONTH(I18,0)), DATEDIF(I18,T18,"M")+DATEDIF(I18,T18,"MD")/DAY(EOMONTH(I18,0))) -> 12.580645 | AC18: =IF(Y18=0, DATEDIF(I18,Q18,"M")+DATEDIF(I18,Q18,"MD")/DAY(EOMONTH(I18,0)), DATEDIF(I18,U18,"M")+DATEDIF(I18,U18,"MD")/DAY(EOMONTH(I18,0))) -> 12.580645 | AD18: =IF(V18=0, DATEDIF(J18,P18,"M")+DATEDIF(J18,P18,"MD")/DAY(EOMONTH(J18,0)), DATEDIF(J18,R18,"M")+DATEDIF(J18,R18,"MD")/DAY(EOMONTH(J18,0))) -> 11.451613 | AE18: =IF(W18=0, DATEDIF(J18,Q18,"M")+DATEDIF(J18,Q18,"MD")/DAY(EOMONTH(J18,0)), DATEDIF(J18,S18,"M")+DATEDIF(J18,S18,"MD")/DAY(EOMONTH(J18,0))) -> 11.451613 | AF18: =IF(X18=0, DATEDIF(J18,P18,"M")+DATEDIF(J18,P18,"MD")/DAY(EOMONTH(J18,0)), DATEDIF(J18,T18,"M")+DATEDIF(J18,T18,"MD")/DAY(EOMONTH(J18,0))) -> 12.129032 | AG18: =IF(Y18=0, DATEDIF(J18,Q18,"M")+DATEDIF(J18,Q18,"MD")/DAY(EOMONTH(J18,0)), DATEDIF(J18,U18,"M")+DATEDIF(J18,U18,"MD")/DAY(EOMONTH(J18,0))) -> 12.129032 | AH18: =IF(V18=0, DATEDIF(M18,P18,"M")+DATEDIF(M18,P18,"MD")/DAY(EOMONTH(M18,0)), DATEDIF(M18,R18,"M")+DATEDIF(M18,R18,"MD")/DAY(EOMONTH(M18,0))) -> 10.387097 | AI18: =IF(W18=0, DATEDIF(M18,Q18,"M")+DATEDIF(M18,Q18,"MD")/DAY(EOMONTH(M18,0)), DATEDIF(M18,S18,"M")+DATEDIF(M18,S18,"MD")/DAY(EOMONTH(M18,0))) -> 10.387097 | AJ18: =IF(X18=0, DATEDIF(M18,P18,"M")+DATEDIF(M18,P18,"MD")/DAY(EOMONTH(M18,0)), DATEDIF(M18,T18,"M")+DATEDIF(M18,T18,"MD")/DAY(EOMONTH(M18,0))) -> 11.064516 | AK18: =IF(Y18=0, DATEDIF(M18,Q18,"M")+DATEDIF(M18,Q18,"MD")/DAY(EOMONTH(M18,0)), DATEDIF(M18,U18,"M")+DATEDIF(M18,U18,"MD")/DAY(EOMONTH(M18,0))) -> 11.064516 | AL18: =IF(MID(A18,FIND("_",A18)-1,1)="2", 2, 1) -> 2 | AM18: =IFERROR( CHOOSE( VALUE(MID(D18, FIND("-", D18) - 1, 1)), "University of Cincinnati", "Ohio State University", "Medical University of South Carolina", "University of Michigan", "University of Louisville", "MD Anderson" ), "Unknown" ) -> Ohio State University | AN18: 0 | AO18: 7 | AP18: =VLOOKUP(D18, METADATALOOKUP!$A:$AI, 7, FALSE) -> 49 | AQ18: =VLOOKUP(D18, METADATALOOKUP!$A:$AI, 8, FALSE) -> Male | AR18: =VLOOKUP(D18, METADATALOOKUP!$A:$AI, 9, FALSE) -> White | AS18: =VLOOKUP(D18, METADATALOOKUP!$A:$AI, 11, FALSE) -> Yes | AT18: =VLOOKUP(D18, METADATALOOKUP!$A:$AI, 10, FALSE) -> Non-Hispanic | AU18: =VLOOKUP(D18, METADATALOOKUP!$A:$AI, 12, FALSE) -> No | AV18: =VLOOKUP(D18, METADATALOOKUP!$A:$AI, 14, FALSE) -> T4N1Mx | AW18: =VLOOKUP(D18, METADATALOOKUP!$A:$AI, 6, FALSE) -> High | AX18: =VLOOKUP(D18, METADATALOOKUP!$A:$AI, 19, FALSE) -> Unknown | AY18: =LOOKUP(D18, SURVLOOKUP!$A:$A, SURVLOOKUP!$P:$P) -> 0 | AZ18: 3 | BA18: =TEXT(VLOOKUP(D18, METADATALOOKUP!$A:$AI, 34, FALSE), "@") -> 0.3 | BB18: =IF(AZ18=0, "Non-Responder", "Responder") -> Responder | BC18: 0.446 | BE18: 24 | BF18: 2.242152 | BG18: 47.75785 | BH18: 15.8 | BI18: 1.582278 | BJ18: UDI0256 | BK18: TTGTAAGA | BL18: GCTTGTGA
A19: Pilot2_20 | B19: =VLOOKUP(A19, IDSLOOKUP!C:E, 2, FALSE) -> Day 0 | C19: =VLOOKUP(D19, METADATALOOKUP!$A:$AI, 13, FALSE) -> Oral Cavity | D19: =VLOOKUP(A19, IDSLOOKUP!C:E, 3, FALSE) -> HN02-07 | E19: =VLOOKUP(A19,CFDNALOOKUP!AG:AI,2,FALSE) -> 44090 | F19: =VLOOKUP(A19,CFDNALOOKUP!AG:AI,3,FALSE) -> 44180 | G19: =VLOOKUP(D19, SURVLOOKUP!$A:$Q, 2, FALSE) -> 43385 | H19: =VLOOKUP(D19, SURVLOOKUP!$A:$Q, 3, FALSE) -> 43433 | I19: =VLOOKUP(D19, SURVLOOKUP!$A:$Q, 4, FALSE) -> 43440 | J19: =VLOOKUP(D19, SURVLOOKUP!$A:$Q, 5, FALSE) -> 43454 | K19: =VLOOKUP(D19, SURVLOOKUP!$A:$Q, 6, FALSE) -> 43494 | L19: =VLOOKUP(D19, SURVLOOKUP!$A:$Q, 7, FALSE) -> 43538 | M19: =VLOOKUP(D19, SURVLOOKUP!$A:$Q, 8, FALSE) -> 43487 | N19: =VLOOKUP(D19, SURVLOOKUP!$A:$Q, 9, FALSE) -> 43592 | O19: =VLOOKUP(D19, SURVLOOKUP!$A:$Q, 10, FALSE) -> NA | P19: =VLOOKUP(D19, OLDSURVLOOKUP!$A:$AA, 19, FALSE) -> 43822 | Q19: =VLOOKUP(D19, SURVLOOKUP!$A:$Q, 11, FALSE) -> 43822 | R19: =VLOOKUP(D19, OLDSURVLOOKUP!$A:$AA, 20, FALSE) -> 43803 | S19: =VLOOKUP(D19, SURVLOOKUP!$A:$Q, 12, FALSE) -> 43803 | T19: =VLOOKUP(D19, OLDSURVLOOKUP!$A:$AA, 21, FALSE) -> 43823 | U19: =VLOOKUP(D19, SURVLOOKUP!$A:$Q, 13, FALSE) -> 43823 | V19: =_xlfn.XLOOKUP(D19, OLDSURVLOOKUP!$A:$A, OLDSURVLOOKUP!V:V) -> 1 | W19: =VLOOKUP(D19, SURVLOOKUP!$A:$Q, 14, FALSE) -> 1 | X19: =_xlfn.XLOOKUP(D19, OLDSURVLOOKUP!$A:$A, OLDSURVLOOKUP!X:X) -> 1 | Y19: =VLOOKUP(D19, SURVLOOKUP!$A:$Q, 15, FALSE) -> 1 | Z19: =IF(V19=0, DATEDIF(I19,P19,"M")+DATEDIF(I19,P19,"MD")/DAY(EOMONTH(I19,0)), DATEDIF(I19,R19,"M")+DATEDIF(I19,R19,"MD")/DAY(EOMONTH(I19,0))) -> 11.903226 | AA19: =IF(W19=0, DATEDIF(I19,Q19,"M")+DATEDIF(I19,Q19,"MD")/DAY(EOMONTH(I19,0)), DATEDIF(I19,S19,"M")+DATEDIF(I19,S19,"MD")/DAY(EOMONTH(I19,0))) -> 11.903226 | AB19: =IF(X19=0, DATEDIF(I19,P19,"M")+DATEDIF(I19,P19,"MD")/DAY(EOMONTH(I19,0)), DATEDIF(I19,T19,"M")+DATEDIF(I19,T19,"MD")/DAY(EOMONTH(I19,0))) -> 12.580645 | AC19: =IF(Y19=0, DATEDIF(I19,Q19,"M")+DATEDIF(I19,Q19,"MD")/DAY(EOMONTH(I19,0)), DATEDIF(I19,U19,"M")+DATEDIF(I19,U19,"MD")/DAY(EOMONTH(I19,0))) -> 12.580645 | AD19: =IF(V19=0, DATEDIF(J19,P19,"M")+DATEDIF(J19,P19,"MD")/DAY(EOMONTH(J19,0)), DATEDIF(J19,R19,"M")+DATEDIF(J19,R19,"MD")/DAY(EOMONTH(J19,0))) -> 11.451613 | AE19: =IF(W19=0, DATEDIF(J19,Q19,"M")+DATEDIF(J19,Q19,"MD")/DAY(EOMONTH(J19,0)), DATEDIF(J19,S19,"M")+DATEDIF(J19,S19,"MD")/DAY(EOMONTH(J19,0))) -> 11.451613 | AF19: =IF(X19=0, DATEDIF(J19,P19,"M")+DATEDIF(J19,P19,"MD")/DAY(EOMONTH(J19,0)), DATEDIF(J19,T19,"M")+DATEDIF(J19,T19,"MD")/DAY(EOMONTH(J19,0))) -> 12.129032 | AG19: =IF(Y19=0, DATEDIF(J19,Q19,"M")+DATEDIF(J19,Q19,"MD")/DAY(EOMONTH(J19,0)), DATEDIF(J19,U19,"M")+DATEDIF(J19,U19,"MD")/DAY(EOMONTH(J19,0))) -> 12.129032 | AH19: =IF(V19=0, DATEDIF(M19,P19,"M")+DATEDIF(M19,P19,"MD")/DAY(EOMONTH(M19,0)), DATEDIF(M19,R19,"M")+DATEDIF(M19,R19,"MD")/DAY(EOMONTH(M19,0))) -> 10.387097 | AI19: =IF(W19=0, DATEDIF(M19,Q19,"M")+DATEDIF(M19,Q19,"MD")/DAY(EOMONTH(M19,0)), DATEDIF(M19,S19,"M")+DATEDIF(M19,S19,"MD")/DAY(EOMONTH(M19,0))) -> 10.387097 | AJ19: =IF(X19=0, DATEDIF(M19,P19,"M")+DATEDIF(M19,P19,"MD")/DAY(EOMONTH(M19,0)), DATEDIF(M19,T19,"M")+DATEDIF(M19,T19,"MD")/DAY(EOMONTH(M19,0))) -> 11.064516 | AK19: =IF(Y19=0, DATEDIF(M19,Q19,"M")+DATEDIF(M19,Q19,"MD")/DAY(EOMONTH(M19,0)), DATEDIF(M19,U19,"M")+DATEDIF(M19,U19,"MD")/DAY(EOMONTH(M19,0))) -> 11.064516 | AL19: =IF(MID(A19,FIND("_",A19)-1,1)="2", 2, 1) -> 2 | AM19: =IFERROR( CHOOSE( VALUE(MID(D19, FIND("-", D19) - 1, 1)), "University of Cincinnati", "Ohio State University", "Medical University of South Carolina", "University of Michigan", "University of Louisville", "MD Anderson" ), "Unknown" ) -> Ohio State University | AN19: 0 | AO19: 7 | AP19: =VLOOKUP(D19, METADATALOOKUP!$A:$AI, 7, FALSE) -> 49 | AQ19: =VLOOKUP(D19, METADATALOOKUP!$A:$AI, 8, FALSE) -> Male | AR19: =VLOOKUP(D19, METADATALOOKUP!$A:$AI, 9, FALSE) -> White | AS19: =VLOOKUP(D19, METADATALOOKUP!$A:$AI, 11, FALSE) -> Yes | AT19: =VLOOKUP(D19, METADATALOOKUP!$A:$AI, 10, FALSE) -> Non-Hispanic | AU19: =VLOOKUP(D19, METADATALOOKUP!$A:$AI, 12, FALSE) -> No | AV19: =VLOOKUP(D19, METADATALOOKUP!$A:$AI, 14, FALSE) -> T4N1Mx | AW19: =VLOOKUP(D19, METADATALOOKUP!$A:$AI, 6, FALSE) -> High | AX19: =VLOOKUP(D19, METADATALOOKUP!$A:$AI, 19, FALSE) -> Unknown | AY19: =LOOKUP(D19, SURVLOOKUP!$A:$A, SURVLOOKUP!$P:$P) -> 0 | AZ19: 3 | BA19: =TEXT(VLOOKUP(D19, METADATALOOKUP!$A:$AI, 34, FALSE), "@") -> 0.3 | BB19: =IF(AZ19=0, "Non-Responder", "Responder") -> Responder | BC19: 1.12 | BE19: 24 | BF19: 0.892857 | BG19: 49.10714 | BH19: 6.8 | BI19: 3.676471 | BJ19: UDI0257 | BK19: GAATGTAA | BL19: CTGGCACT
A20: Pilot2_21 | B20: =VLOOKUP(A20, IDSLOOKUP!C:E, 2, FALSE) -> Adj Wk 1 | C20: =VLOOKUP(D20, METADATALOOKUP!$A:$AI, 13, FALSE) -> Oral Cavity | D20: =VLOOKUP(A20, IDSLOOKUP!C:E, 3, FALSE) -> HN02-07 | E20: =VLOOKUP(A20,CFDNALOOKUP!AG:AI,2,FALSE) -> 44090 | F20: =VLOOKUP(A20,CFDNALOOKUP!AG:AI,3,FALSE) -> 44180 | G20: =VLOOKUP(D20, SURVLOOKUP!$A:$Q, 2, FALSE) -> 43385 | H20: =VLOOKUP(D20, SURVLOOKUP!$A:$Q, 3, FALSE) -> 43433 | I20: =VLOOKUP(D20, SURVLOOKUP!$A:$Q, 4, FALSE) -> 43440 | J20: =VLOOKUP(D20, SURVLOOKUP!$A:$Q, 5, FALSE) -> 43454 | K20: =VLOOKUP(D20, SURVLOOKUP!$A:$Q, 6, FALSE) -> 43494 | L20: =VLOOKUP(D20, SURVLOOKUP!$A:$Q, 7, FALSE) -> 43538 | M20: =VLOOKUP(D20, SURVLOOKUP!$A:$Q, 8, FALSE) -> 43487 | N20: =VLOOKUP(D20, SURVLOOKUP!$A:$Q, 9, FALSE) -> 43592 | O20: =VLOOKUP(D20, SURVLOOKUP!$A:$Q, 10, FALSE) -> NA | P20: =VLOOKUP(D20, OLDSURVLOOKUP!$A:$AA, 19, FALSE) -> 43822 | Q20: =VLOOKUP(D20, SURVLOOKUP!$A:$Q, 11, FALSE) -> 43822 | R20: =VLOOKUP(D20, OLDSURVLOOKUP!$A:$AA, 20, FALSE) -> 43803 | S20: =VLOOKUP(D20, SURVLOOKUP!$A:$Q, 12, FALSE) -> 43803 | T20: =VLOOKUP(D20, OLDSURVLOOKUP!$A:$AA, 21, FALSE) -> 43823 | U20: =VLOOKUP(D20, SURVLOOKUP!$A:$Q, 13, FALSE) -> 43823 | V20: =_xlfn.XLOOKUP(D20, OLDSURVLOOKUP!$A:$A, OLDSURVLOOKUP!V:V) -> 1 | W20: =VLOOKUP(D20, SURVLOOKUP!$A:$Q, 14, FALSE) -> 1 | X20: =_xlfn.XLOOKUP(D20, OLDSURVLOOKUP!$A:$A, OLDSURVLOOKUP!X:X) -> 1 | Y20: =VLOOKUP(D20, SURVLOOKUP!$A:$Q, 15, FALSE) -> 1 | Z20: =IF(V20=0, DATEDIF(I20,P20,"M")+DATEDIF(I20,P20,"MD")/DAY(EOMONTH(I20,0)), DATEDIF(I20,R20,"M")+DATEDIF(I20,R20,"MD")/DAY(EOMONTH(I20,0))) -> 11.903226 | AA20: =IF(W20=0, DATEDIF(I20,Q20,"M")+DATEDIF(I20,Q20,"MD")/DAY(EOMONTH(I20,0)), DATEDIF(I20,S20,"M")+DATEDIF(I20,S20,"MD")/DAY(EOMONTH(I20,0))) -> 11.903226 | AB20: =IF(X20=0, DATEDIF(I20,P20,"M")+DATEDIF(I20,P20,"MD")/DAY(EOMONTH(I20,0)), DATEDIF(I20,T20,"M")+DATEDIF(I20,T20,"MD")/DAY(EOMONTH(I20,0))) -> 12.580645 | AC20: =IF(Y20=0, DATEDIF(I20,Q20,"M")+DATEDIF(I20,Q20,"MD")/DAY(EOMONTH(I20,0)), DATEDIF(I20,U20,"M")+DATEDIF(I20,U20,"MD")/DAY(EOMONTH(I20,0))) -> 12.580645 | AD20: =IF(V20=0, DATEDIF(J20,P20,"M")+DATEDIF(J20,P20,"MD")/DAY(EOMONTH(J20,0)), DATEDIF(J20,R20,"M")+DATEDIF(J20,R20,"MD")/DAY(EOMONTH(J20,0))) -> 11.451613 | AE20: =IF(W20=0, DATEDIF(J20,Q20,"M")+DATEDIF(J20,Q20,"MD")/DAY(EOMONTH(J20,0)), DATEDIF(J20,S20,"M")+DATEDIF(J20,S20,"MD")/DAY(EOMONTH(J20,0))) -> 11.451613 | AF20: =IF(X20=0, DATEDIF(J20,P20,"M")+DATEDIF(J20,P20,"MD")/DAY(EOMONTH(J20,0)), DATEDIF(J20,T20,"M")+DATEDIF(J20,T20,"MD")/DAY(EOMONTH(J20,0))) -> 12.129032 | AG20: =IF(Y20=0, DATEDIF(J20,Q20,"M")+DATEDIF(J20,Q20,"MD")/DAY(EOMONTH(J20,0)), DATEDIF(J20,U20,"M")+DATEDIF(J20,U20,"MD")/DAY(EOMONTH(J20,0))) -> 12.129032 | AH20: =IF(V20=0, DATEDIF(M20,P20,"M")+DATEDIF(M20,P20,"MD")/DAY(EOMONTH(M20,0)), DATEDIF(M20,R20,"M")+DATEDIF(M20,R20,"MD")/DAY(EOMONTH(M20,0))) -> 10.387097 | AI20: =IF(W20=0, DATEDIF(M20,Q20,"M")+DATEDIF(M20,Q20,"MD")/DAY(EOMONTH(M20,0)), DATEDIF(M20,S20,"M")+DATEDIF(M20,S20,"MD")/DAY(EOMONTH(M20,0))) -> 10.387097 | AJ20: =IF(X20=0, DATEDIF(M20,P20,"M")+DATEDIF(M20,P20,"MD")/DAY(EOMONTH(M20,0)), DATEDIF(M20,T20,"M")+DATEDIF(M20,T20,"MD")/DAY(EOMONTH(M20,0))) -> 11.064516 | AK20: =IF(Y20=0, DATEDIF(M20,Q20,"M")+DATEDIF(M20,Q20,"MD")/DAY(EOMONTH(M20,0)), DATEDIF(M20,U20,"M")+DATEDIF(M20,U20,"MD")/DAY(EOMONTH(M20,0))) -> 11.064516 | AL20: =IF(MID(A20,FIND("_",A20)-1,1)="2", 2, 1) -> 2 | AM20: =IFERROR( CHOOSE( VALUE(MID(D20, FIND("-", D20) - 1, 1)), "University of Cincinnati", "Ohio State University", "Medical University of South Carolina", "University of Michigan", "University of Louisville", "MD Anderson" ), "Unknown" ) -> Ohio State University | AN20: 0 | AO20: 7 | AP20: =VLOOKUP(D20, METADATALOOKUP!$A:$AI, 7, FALSE) -> 49 | AQ20: =VLOOKUP(D20, METADATALOOKUP!$A:$AI, 8, FALSE) -> Male | AR20: =VLOOKUP(D20, METADATALOOKUP!$A:$AI, 9, FALSE) -> White | AS20: =VLOOKUP(D20, METADATALOOKUP!$A:$AI, 11, FALSE) -> Yes | AT20: =VLOOKUP(D20, METADATALOOKUP!$A:$AI, 10, FALSE) -> Non-Hispanic | AU20: =VLOOKUP(D20, METADATALOOKUP!$A:$AI, 12, FALSE) -> No | AV20: =VLOOKUP(D20, METADATALOOKUP!$A:$AI, 14, FALSE) -> T4N1Mx | AW20: =VLOOKUP(D20, METADATALOOKUP!$A:$AI, 6, FALSE) -> High | AX20: =VLOOKUP(D20, METADATALOOKUP!$A:$AI, 19, FALSE) -> Unknown | AY20: =LOOKUP(D20, SURVLOOKUP!$A:$A, SURVLOOKUP!$P:$P) -> 0 | AZ20: 3 | BA20: =TEXT(VLOOKUP(D20, METADATALOOKUP!$A:$AI, 34, FALSE), "@") -> 0.3 | BB20: =IF(AZ20=0, "Non-Responder", "Responder") -> Responder | BC20: 0.936 | BE20: 24 | BF20: 1.068376 | BG20: 48.93162 | BH20: 8.48 | BI20: 2.948113 | BJ20: UDI0221 | BK20: AGCCACAG | BL20: AGGAACCA
A21: Pilot2_22 | B21: =VLOOKUP(A21, IDSLOOKUP!C:E, 2, FALSE) -> Screen | C21: =VLOOKUP(D21, METADATALOOKUP!$A:$AI, 13, FALSE) -> Oral Cavity | D21: =VLOOKUP(A21, IDSLOOKUP!C:E, 3, FALSE) -> HN03-01 | E21: =VLOOKUP(A21,CFDNALOOKUP!AG:AI,2,FALSE) -> 44090 | F21: =VLOOKUP(A21,CFDNALOOKUP!AG:AI,3,FALSE) -> 44180 | G21: =VLOOKUP(D21, SURVLOOKUP!$A:$Q, 2, FALSE) -> 42867 | H21: =VLOOKUP(D21, SURVLOOKUP!$A:$Q, 3, FALSE) -> 42878 | I21: =VLOOKUP(D21, SURVLOOKUP!$A:$Q, 4, FALSE) -> 42901 | J21: =VLOOKUP(D21, SURVLOOKUP!$A:$Q, 5, FALSE) -> 42908 | K21: =VLOOKUP(D21, SURVLOOKUP!$A:$Q, 6, FALSE) -> 42965 | L21: =VLOOKUP(D21, SURVLOOKUP!$A:$Q, 7, FALSE) -> 43018 | M21: =VLOOKUP(D21, SURVLOOKUP!$A:$Q, 8, FALSE) -> 42958 | N21: =VLOOKUP(D21, SURVLOOKUP!$A:$Q, 9, FALSE) -> 43076 | O21: =VLOOKUP(D21, SURVLOOKUP!$A:$Q, 10, FALSE) -> NA | P21: =VLOOKUP(D21, OLDSURVLOOKUP!$A:$AA, 19, FALSE) -> 44356 | Q21: =VLOOKUP(D21, SURVLOOKUP!$A:$Q, 11, FALSE) -> 45020 | V21: =_xlfn.XLOOKUP(D21, OLDSURVLOOKUP!$A:$A, OLDSURVLOOKUP!V:V) -> 0 | W21: =VLOOKUP(D21, SURVLOOKUP!$A:$Q, 14, FALSE) -> 0 | X21: =_xlfn.XLOOKUP(D21, OLDSURVLOOKUP!$A:$A, OLDSURVLOOKUP!X:X) -> 0 | Y21: =VLOOKUP(D21, SURVLOOKUP!$A:$Q, 15, FALSE) -> 0 | Z21: =IF(V21=0, DATEDIF(I21,P21,"M")+DATEDIF(I21,P21,"MD")/DAY(EOMONTH(I21,0)), DATEDIF(I21,R21,"M")+DATEDIF(I21,R21,"MD")/DAY(EOMONTH(I21,0))) -> 47.833333 | AA21: =IF(W21=0, DATEDIF(I21,Q21,"M")+DATEDIF(I21,Q21,"MD")/DAY(EOMONTH(I21,0)), DATEDIF(I21,S21,"M")+DATEDIF(I21,S21,"MD")/DAY(EOMONTH(I21,0))) -> 69.666667 | AB21: =IF(X21=0, DATEDIF(I21,P21,"M")+DATEDIF(I21,P21,"MD")/DAY(EOMONTH(I21,0)), DATEDIF(I21,T21,"M")+DATEDIF(I21,T21,"MD")/DAY(EOMONTH(I21,0))) -> 47.833333 | AC21: =IF(Y21=0, DATEDIF(I21,Q21,"M")+DATEDIF(I21,Q21,"MD")/DAY(EOMONTH(I21,0)), DATEDIF(I21,U21,"M")+DATEDIF(I21,U21,"MD")/DAY(EOMONTH(I21,0))) -> 69.666667 | AD21: =IF(V21=0, DATEDIF(J21,P21,"M")+DATEDIF(J21,P21,"MD")/DAY(EOMONTH(J21,0)), DATEDIF(J21,R21,"M")+DATEDIF(J21,R21,"MD")/DAY(EOMONTH(J21,0))) -> 47.6 | AE21: =IF(W21=0, DATEDIF(J21,Q21,"M")+DATEDIF(J21,Q21,"MD")/DAY(EOMONTH(J21,0)), DATEDIF(J21,S21,"M")+DATEDIF(J21,S21,"MD")/DAY(EOMONTH(J21,0))) -> 69.433333 | AF21: =IF(X21=0, DATEDIF(J21,P21,"M")+DATEDIF(J21,P21,"MD")/DAY(EOMONTH(J21,0)), DATEDIF(J21,T21,"M")+DATEDIF(J21,T21,"MD")/DAY(EOMONTH(J21,0))) -> 47.6 | AG21: =IF(Y21=0, DATEDIF(J21,Q21,"M")+DATEDIF(J21,Q21,"MD")/DAY(EOMONTH(J21,0)), DATEDIF(J21,U21,"M")+DATEDIF(J21,U21,"MD")/DAY(EOMONTH(J21,0))) -> 69.433333 | AH21: =IF(V21=0, DATEDIF(M21,P21,"M")+DATEDIF(M21,P21,"MD")/DAY(EOMONTH(M21,0)), DATEDIF(M21,R21,"M")+DATEDIF(M21,R21,"MD")/DAY(EOMONTH(M21,0))) -> 45.935484 | AI21: =IF(W21=0, DATEDIF(M21,Q21,"M")+DATEDIF(M21,Q21,"MD")/DAY(EOMONTH(M21,0)), DATEDIF(M21,S21,"M")+DATEDIF(M21,S21,"MD")/DAY(EOMONTH(M21,0))) -> 67.774194 | AJ21: =IF(X21=0, DATEDIF(M21,P21,"M")+DATEDIF(M21,P21,"MD")/DAY(EOMONTH(M21,0)), DATEDIF(M21,T21,"M")+DATEDIF(M21,T21,"MD")/DAY(EOMONTH(M21,0))) -> 45.935484 | AK21: =IF(Y21=0, DATEDIF(M21,Q21,"M")+DATEDIF(M21,Q21,"MD")/DAY(EOMONTH(M21,0)), DATEDIF(M21,U21,"M")+DATEDIF(M21,U21,"MD")/DAY(EOMONTH(M21,0))) -> 67.774194 | AL21: =IF(MID(A21,FIND("_",A21)-1,1)="2", 2, 1) -> 2 | AM21: =IFERROR( CHOOSE( VALUE(MID(D21, FIND("-", D21) - 1, 1)), "University of Cincinnati", "Ohio State University", "Medical University of South Carolina", "University of Michigan", "University of Louisville", "MD Anderson" ), "Unknown" ) -> Medical University of South Carolina | AN21: 0 | AO21: 8 | AP21: =VLOOKUP(D21, METADATALOOKUP!$A:$AI, 7, FALSE) -> 38 | AQ21: =VLOOKUP(D21, METADATALOOKUP!$A:$AI, 8, FALSE) -> Female | AR21: =VLOOKUP(D21, METADATALOOKUP!$A:$AI, 9, FALSE) -> White | AS21: =VLOOKUP(D21, METADATALOOKUP!$A:$AI, 11, FALSE) -> Yes | AT21: =VLOOKUP(D21, METADATALOOKUP!$A:$AI, 10, FALSE) -> Non-Hispanic | AU21: =VLOOKUP(D21, METADATALOOKUP!$A:$AI, 12, FALSE) -> No | AV21: =VLOOKUP(D21, METADATALOOKUP!$A:$AI, 14, FALSE) -> cT4aN2bMx | AW21: =VLOOKUP(D21, METADATALOOKUP!$A:$AI, 6, FALSE) -> High | AX21: =VLOOKUP(D21, METADATALOOKUP!$A:$AI, 19, FALSE) -> No | AY21: =LOOKUP(D21, SURVLOOKUP!$A:$A, SURVLOOKUP!$P:$P) -> 0 | AZ21: 0 | BA21: =TEXT(VLOOKUP(D21, METADATALOOKUP!$A:$AI, 34, FALSE), "@") -> <10% | BB21: =IF(AZ21=0, "Non-Responder", "Responder") -> Non-Responder | BC21: 5.92 | BE21: 24 | BF21: 0.168919 | BG21: 49.83108 | BH21: 2.6 | BI21: 9.615385 | BJ21: UDI0271 | BK21: AGTTCATA | BL21: GGCCTTCA
A22: Pilot2_23 | B22: =VLOOKUP(A22, IDSLOOKUP!C:E, 2, FALSE) -> Day 0 | C22: =VLOOKUP(D22, METADATALOOKUP!$A:$AI, 13, FALSE) -> Oral Cavity | D22: =VLOOKUP(A22, IDSLOOKUP!C:E, 3, FALSE) -> HN03-01 | E22: =VLOOKUP(A22,CFDNALOOKUP!AG:AI,2,FALSE) -> 44090 | F22: =VLOOKUP(A22,CFDNALOOKUP!AG:AI,3,FALSE) -> 44179 | G22: =VLOOKUP(D22, SURVLOOKUP!$A:$Q, 2, FALSE) -> 42867 | H22: =VLOOKUP(D22, SURVLOOKUP!$A:$Q, 3, FALSE) -> 42878 | I22: =VLOOKUP(D22, SURVLOOKUP!$A:$Q, 4, FALSE) -> 42901 | J22: =VLOOKUP(D22, SURVLOOKUP!$A:$Q, 5, FALSE) -> 42908 | K22: =VLOOKUP(D22, SURVLOOKUP!$A:$Q, 6, FALSE) -> 42965 | L22: =VLOOKUP(D22, SURVLOOKUP!$A:$Q, 7, FALSE) -> 43018 | M22: =VLOOKUP(D22, SURVLOOKUP!$A:$Q, 8, FALSE) -> 42958 | N22: =VLOOKUP(D22, SURVLOOKUP!$A:$Q, 9, FALSE) -> 43076 | O22: =VLOOKUP(D22, SURVLOOKUP!$A:$Q, 10, FALSE) -> NA | P22: =VLOOKUP(D22, OLDSURVLOOKUP!$A:$AA, 19, FALSE) -> 44356 | Q22: =VLOOKUP(D22, SURVLOOKUP!$A:$Q, 11, FALSE) -> 45020 | V22: =_xlfn.XLOOKUP(D22, OLDSURVLOOKUP!$A:$A, OLDSURVLOOKUP!V:V) -> 0 | W22: =VLOOKUP(D22, SURVLOOKUP!$A:$Q, 14, FALSE) -> 0 | X22: =_xlfn.XLOOKUP(D22, OLDSURVLOOKUP!$A:$A, OLDSURVLOOKUP!X:X) -> 0 | Y22: =VLOOKUP(D22, SURVLOOKUP!$A:$Q, 15, FALSE) -> 0 | Z22: =IF(V22=0, DATEDIF(I22,P22,"M")+DATEDIF(I22,P22,"MD")/DAY(EOMONTH(I22,0)), DATEDIF(I22,R22,"M")+DATEDIF(I22,R22,"MD")/DAY(EOMONTH(I22,0))) -> 47.833333 | AA22: =IF(W22=0, DATEDIF(I22,Q22,"M")+DATEDIF(I22,Q22,"MD")/DAY(EOMONTH(I22,0)), DATEDIF(I22,S22,"M")+DATEDIF(I22,S22,"MD")/DAY(EOMONTH(I22,0))) -> 69.666667 | AB22: =IF(X22=0, DATEDIF(I22,P22,"M")+DATEDIF(I22,P22,"MD")/DAY(EOMONTH(I22,0)), DATEDIF(I22,T22,"M")+DATEDIF(I22,T22,"MD")/DAY(EOMONTH(I22,0))) -> 47.833333 | AC22: =IF(Y22=0, DATEDIF(I22,Q22,"M")+DATEDIF(I22,Q22,"MD")/DAY(EOMONTH(I22,0)), DATEDIF(I22,U22,"M")+DATEDIF(I22,U22,"MD")/DAY(EOMONTH(I22,0))) -> 69.666667 | AD22: =IF(V22=0, DATEDIF(J22,P22,"M")+DATEDIF(J22,P22,"MD")/DAY(EOMONTH(J22,0)), DATEDIF(J22,R22,"M")+DATEDIF(J22,R22,"MD")/DAY(EOMONTH(J22,0))) -> 47.6 | AE22: =IF(W22=0, DATEDIF(J22,Q22,"M")+DATEDIF(J22,Q22,"MD")/DAY(EOMONTH(J22,0)), DATEDIF(J22,S22,"M")+DATEDIF(J22,S22,"MD")/DAY(EOMONTH(J22,0))) -> 69.433333 | AF22: =IF(X22=0, DATEDIF(J22,P22,"M")+DATEDIF(J22,P22,"MD")/DAY(EOMONTH(J22,0)), DATEDIF(J22,T22,"M")+DATEDIF(J22,T22,"MD")/DAY(EOMONTH(J22,0))) -> 47.6 | AG22: =IF(Y22=0, DATEDIF(J22,Q22,"M")+DATEDIF(J22,Q22,"MD")/DAY(EOMONTH(J22,0)), DATEDIF(J22,U22,"M")+DATEDIF(J22,U22,"MD")/DAY(EOMONTH(J22,0))) -> 69.433333 | AH22: =IF(V22=0, DATEDIF(M22,P22,"M")+DATEDIF(M22,P22,"MD")/DAY(EOMONTH(M22,0)), DATEDIF(M22,R22,"M")+DATEDIF(M22,R22,"MD")/DAY(EOMONTH(M22,0))) -> 45.935484 | AI22: =IF(W22=0, DATEDIF(M22,Q22,"M")+DATEDIF(M22,Q22,"MD")/DAY(EOMONTH(M22,0)), DATEDIF(M22,S22,"M")+DATEDIF(M22,S22,"MD")/DAY(EOMONTH(M22,0))) -> 67.774194 | AJ22: =IF(X22=0, DATEDIF(M22,P22,"M")+DATEDIF(M22,P22,"MD")/DAY(EOMONTH(M22,0)), DATEDIF(M22,T22,"M")+DATEDIF(M22,T22,"MD")/DAY(EOMONTH(M22,0))) -> 45.935484 | AK22: =IF(Y22=0, DATEDIF(M22,Q22,"M")+DATEDIF(M22,Q22,"MD")/DAY(EOMONTH(M22,0)), DATEDIF(M22,U22,"M")+DATEDIF(M22,U22,"MD")/DAY(EOMONTH(M22,0))) -> 67.774194 | AL22: =IF(MID(A22,FIND("_",A22)-1,1)="2", 2, 1) -> 2 | AM22: =IFERROR( CHOOSE( VALUE(MID(D22, FIND("-", D22) - 1, 1)), "University of Cincinnati", "Ohio State University", "Medical University of South Carolina", "University of Michigan", "University of Louisville", "MD Anderson" ), "Unknown" ) -> Medical University of South Carolina | AN22: 0 | AO22: 8 | AP22: =VLOOKUP(D22, METADATALOOKUP!$A:$AI, 7, FALSE) -> 38 | AQ22: =VLOOKUP(D22, METADATALOOKUP!$A:$AI, 8, FALSE) -> Female | AR22: =VLOOKUP(D22, METADATALOOKUP!$A:$AI, 9, FALSE) -> White | AS22: =VLOOKUP(D22, METADATALOOKUP!$A:$AI, 11, FALSE) -> Yes | AT22: =VLOOKUP(D22, METADATALOOKUP!$A:$AI, 10, FALSE) -> Non-Hispanic | AU22: =VLOOKUP(D22, METADATALOOKUP!$A:$AI, 12, FALSE) -> No | AV22: =VLOOKUP(D22, METADATALOOKUP!$A:$AI, 14, FALSE) -> cT4aN2bMx | AW22: =VLOOKUP(D22, METADATALOOKUP!$A:$AI, 6, FALSE) -> High | AX22: =VLOOKUP(D22, METADATALOOKUP!$A:$AI, 19, FALSE) -> No | AY22: =LOOKUP(D22, SURVLOOKUP!$A:$A, SURVLOOKUP!$P:$P) -> 0 | AZ22: 0 | BA22: =TEXT(VLOOKUP(D22, METADATALOOKUP!$A:$AI, 34, FALSE), "@") -> <10% | BB22: =IF(AZ22=0, "Non-Responder", "Responder") -> Non-Responder | BC22: 3.08 | BE22: 24 | BF22: 0.324675 | BG22: 49.67532 | BH22: 9.32 | BI22: 2.682403 | BJ22: UDI0211 | BK22: GTTGGTAG | BL22: TGGAACAT
A23: Pilot2_24 | B23: =VLOOKUP(A23, IDSLOOKUP!C:E, 2, FALSE) -> Adj Wk 1 | C23: =VLOOKUP(D23, METADATALOOKUP!$A:$AI, 13, FALSE) -> Oral Cavity | D23: =VLOOKUP(A23, IDSLOOKUP!C:E, 3, FALSE) -> HN03-01 | E23: =VLOOKUP(A23,CFDNALOOKUP!AG:AI,2,FALSE) -> 44090 | F23: =VLOOKUP(A23,CFDNALOOKUP!AG:AI,3,FALSE) -> 44180 | G23: =VLOOKUP(D23, SURVLOOKUP!$A:$Q, 2, FALSE) -> 42867 | H23: =VLOOKUP(D23, SURVLOOKUP!$A:$Q, 3, FALSE) -> 42878 | I23: =VLOOKUP(D23, SURVLOOKUP!$A:$Q, 4, FALSE) -> 42901 | J23: =VLOOKUP(D23, SURVLOOKUP!$A:$Q, 5, FALSE) -> 42908 | K23: =VLOOKUP(D23, SURVLOOKUP!$A:$Q, 6, FALSE) -> 42965 | L23: =VLOOKUP(D23, SURVLOOKUP!$A:$Q, 7, FALSE) -> 43018 | M23: =VLOOKUP(D23, SURVLOOKUP!$A:$Q, 8, FALSE) -> 42958 | N23: =VLOOKUP(D23, SURVLOOKUP!$A:$Q, 9, FALSE) -> 43076 | O23: =VLOOKUP(D23, SURVLOOKUP!$A:$Q, 10, FALSE) -> NA | P23: =VLOOKUP(D23, OLDSURVLOOKUP!$A:$AA, 19, FALSE) -> 44356 | Q23: =VLOOKUP(D23, SURVLOOKUP!$A:$Q, 11, FALSE) -> 45020 | V23: =_xlfn.XLOOKUP(D23, OLDSURVLOOKUP!$A:$A, OLDSURVLOOKUP!V:V) -> 0 | W23: =VLOOKUP(D23, SURVLOOKUP!$A:$Q, 14, FALSE) -> 0 | X23: =_xlfn.XLOOKUP(D23, OLDSURVLOOKUP!$A:$A, OLDSURVLOOKUP!X:X) -> 0 | Y23: =VLOOKUP(D23, SURVLOOKUP!$A:$Q, 15, FALSE) -> 0 | Z23: =IF(V23=0, DATEDIF(I23,P23,"M")+DATEDIF(I23,P23,"MD")/DAY(EOMONTH(I23,0)), DATEDIF(I23,R23,"M")+DATEDIF(I23,R23,"MD")/DAY(EOMONTH(I23,0))) -> 47.833333 | AA23: =IF(W23=0, DATEDIF(I23,Q23,"M")+DATEDIF(I23,Q23,"MD")/DAY(EOMONTH(I23,0)), DATEDIF(I23,S23,"M")+DATEDIF(I23,S23,"MD")/DAY(EOMONTH(I23,0))) -> 69.666667 | AB23: =IF(X23=0, DATEDIF(I23,P23,"M")+DATEDIF(I23,P23,"MD")/DAY(EOMONTH(I23,0)), DATEDIF(I23,T23,"M")+DATEDIF(I23,T23,"MD")/DAY(EOMONTH(I23,0))) -> 47.833333 | AC23: =IF(Y23=0, DATEDIF(I23,Q23,"M")+DATEDIF(I23,Q23,"MD")/DAY(EOMONTH(I23,0)), DATEDIF(I23,U23,"M")+DATEDIF(I23,U23,"MD")/DAY(EOMONTH(I23,0))) -> 69.666667 | AD23: =IF(V23=0, DATEDIF(J23,P23,"M")+DATEDIF(J23,P23,"MD")/DAY(EOMONTH(J23,0)), DATEDIF(J23,R23,"M")+DATEDIF(J23,R23,"MD")/DAY(EOMONTH(J23,0))) -> 47.6 | AE23: =IF(W23=0, DATEDIF(J23,Q23,"M")+DATEDIF(J23,Q23,"MD")/DAY(EOMONTH(J23,0)), DATEDIF(J23,S23,"M")+DATEDIF(J23,S23,"MD")/DAY(EOMONTH(J23,0))) -> 69.433333 | AF23: =IF(X23=0, DATEDIF(J23,P23,"M")+DATEDIF(J23,P23,"MD")/DAY(EOMONTH(J23,0)), DATEDIF(J23,T23,"M")+DATEDIF(J23,T23,"MD")/DAY(EOMONTH(J23,0))) -> 47.6 | AG23: =IF(Y23=0, DATEDIF(J23,Q23,"M")+DATEDIF(J23,Q23,"MD")/DAY(EOMONTH(J23,0)), DATEDIF(J23,U23,"M")+DATEDIF(J23,U23,"MD")/DAY(EOMONTH(J23,0))) -> 69.433333 | AH23: =IF(V23=0, DATEDIF(M23,P23,"M")+DATEDIF(M23,P23,"MD")/DAY(EOMONTH(M23,0)), DATEDIF(M23,R23,"M")+DATEDIF(M23,R23,"MD")/DAY(EOMONTH(M23,0))) -> 45.935484 | AI23: =IF(W23=0, DATEDIF(M23,Q23,"M")+DATEDIF(M23,Q23,"MD")/DAY(EOMONTH(M23,0)), DATEDIF(M23,S23,"M")+DATEDIF(M23,S23,"MD")/DAY(EOMONTH(M23,0))) -> 67.774194 | AJ23: =IF(X23=0, DATEDIF(M23,P23,"M")+DATEDIF(M23,P23,"MD")/DAY(EOMONTH(M23,0)), DATEDIF(M23,T23,"M")+DATEDIF(M23,T23,"MD")/DAY(EOMONTH(M23,0))) -> 45.935484 | AK23: =IF(Y23=0, DATEDIF(M23,Q23,"M")+DATEDIF(M23,Q23,"MD")/DAY(EOMONTH(M23,0)), DATEDIF(M23,U23,"M")+DATEDIF(M23,U23,"MD")/DAY(EOMONTH(M23,0))) -> 67.774194 | AL23: =IF(MID(A23,FIND("_",A23)-1,1)="2", 2, 1) -> 2 | AM23: =IFERROR( CHOOSE( VALUE(MID(D23, FIND("-", D23) - 1, 1)), "University of Cincinnati", "Ohio State University", "Medical University of South Carolina", "University of Michigan", "University of Louisville", "MD Anderson" ), "Unknown" ) -> Medical University of South Carolina | AN23: 0 | AO23: 8 | AP23: =VLOOKUP(D23, METADATALOOKUP!$A:$AI, 7, FALSE) -> 38 | AQ23: =VLOOKUP(D23, METADATALOOKUP!$A:$AI, 8, FALSE) -> Female | AR23: =VLOOKUP(D23, METADATALOOKUP!$A:$AI, 9, FALSE) -> White | AS23: =VLOOKUP(D23, METADATALOOKUP!$A:$AI, 11, FALSE) -> Yes | AT23: =VLOOKUP(D23, METADATALOOKUP!$A:$AI, 10, FALSE) -> Non-Hispanic | AU23: =VLOOKUP(D23, METADATALOOKUP!$A:$AI, 12, FALSE) -> No | AV23: =VLOOKUP(D23, METADATALOOKUP!$A:$AI, 14, FALSE) -> cT4aN2bMx | AW23: =VLOOKUP(D23, METADATALOOKUP!$A:$AI, 6, FALSE) -> High | AX23: =VLOOKUP(D23, METADATALOOKUP!$A:$AI, 19, FALSE) -> No | AY23: =LOOKUP(D23, SURVLOOKUP!$A:$A, SURVLOOKUP!$P:$P) -> 0 | AZ23: 0 | BA23: =TEXT(VLOOKUP(D23, METADATALOOKUP!$A:$AI, 34, FALSE), "@") -> <10% | BB23: =IF(AZ23=0, "Non-Responder", "Responder") -> Non-Responder | BC23: 3.98 | BE23: 24 | BF23: 0.251256 | BG23: 49.74874 | BH23: 5 | BI23: 5 | BJ23: UDI0259 | BK23: GAACAATT | BL23: CTTGGATT
A24: Pilot2_25 | B24: =VLOOKUP(A24, IDSLOOKUP!C:E, 2, FALSE) -> Screen | C24: =VLOOKUP(D24, METADATALOOKUP!$A:$AI, 13, FALSE) -> Larynx | D24: =VLOOKUP(A24, IDSLOOKUP!C:E, 3, FALSE) -> HN03-03 | E24: =VLOOKUP(A24,CFDNALOOKUP!AG:AI,2,FALSE) -> 44090 | F24: =VLOOKUP(A24,CFDNALOOKUP!AG:AI,3,FALSE) -> 44179 | G24: =VLOOKUP(D24, SURVLOOKUP!$A:$Q, 2, FALSE) -> 43544 | H24: =VLOOKUP(D24, SURVLOOKUP!$A:$Q, 3, FALSE) -> 43591 | I24: =VLOOKUP(D24, SURVLOOKUP!$A:$Q, 4, FALSE) -> 43598 | J24: =VLOOKUP(D24, SURVLOOKUP!$A:$Q, 5, FALSE) -> 43621 | K24: =VLOOKUP(D24, SURVLOOKUP!$A:$Q, 6, FALSE) -> 43664 | L24: =VLOOKUP(D24, SURVLOOKUP!$A:$Q, 7, FALSE) -> 43707 | M24: =VLOOKUP(D24, SURVLOOKUP!$A:$Q, 8, FALSE) -> 43654 | N24: =VLOOKUP(D24, SURVLOOKUP!$A:$Q, 9, FALSE) -> 43759 | O24: =VLOOKUP(D24, SURVLOOKUP!$A:$Q, 10, FALSE) -> NA | P24: =VLOOKUP(D24, OLDSURVLOOKUP!$A:$AA, 19, FALSE) -> 44334 | Q24: =VLOOKUP(D24, SURVLOOKUP!$A:$Q, 11, FALSE) -> 44781 | U24: =VLOOKUP(D24, SURVLOOKUP!$A:$Q, 13, FALSE) -> 44782 | V24: =_xlfn.XLOOKUP(D24, OLDSURVLOOKUP!$A:$A, OLDSURVLOOKUP!V:V) -> 0 | W24: =VLOOKUP(D24, SURVLOOKUP!$A:$Q, 14, FALSE) -> 1 | X24: =_xlfn.XLOOKUP(D24, OLDSURVLOOKUP!$A:$A, OLDSURVLOOKUP!X:X) -> 0 | Y24: =VLOOKUP(D24, SURVLOOKUP!$A:$Q, 15, FALSE) -> 1 | Z24: =IF(V24=0, DATEDIF(I24,P24,"M")+DATEDIF(I24,P24,"MD")/DAY(EOMONTH(I24,0)), DATEDIF(I24,R24,"M")+DATEDIF(I24,R24,"MD")/DAY(EOMONTH(I24,0))) -> 24.16129 | AA24: 38.870968 | AB24: =IF(X24=0, DATEDIF(I24,P24,"M")+DATEDIF(I24,P24,"MD")/DAY(EOMONTH(I24,0)), DATEDIF(I24,T24,"M")+DATEDIF(I24,T24,"MD")/DAY(EOMONTH(I24,0))) -> 24.16129 | AC24: =IF(Y24=0, DATEDIF(I24,Q24,"M")+DATEDIF(I24,Q24,"MD")/DAY(EOMONTH(I24,0)), DATEDIF(I24,U24,"M")+DATEDIF(I24,U24,"MD")/DAY(EOMONTH(I24,0))) -> 38.870968 | AD24: =IF(V24=0, DATEDIF(J24,P24,"M")+DATEDIF(J24,P24,"MD")/DAY(EOMONTH(J24,0)), DATEDIF(J24,R24,"M")+DATEDIF(J24,R24,"MD")/DAY(EOMONTH(J24,0))) -> 23.433333 | AE24: 38.133333 | AF24: =IF(X24=0, DATEDIF(J24,P24,"M")+DATEDIF(J24,P24,"MD")/DAY(EOMONTH(J24,0)), DATEDIF(J24,T24,"M")+DATEDIF(J24,T24,"MD")/DAY(EOMONTH(J24,0))) -> 23.433333 | AG24: =IF(Y24=0, DATEDIF(J24,Q24,"M")+DATEDIF(J24,Q24,"MD")/DAY(EOMONTH(J24,0)), DATEDIF(J24,U24,"M")+DATEDIF(J24,U24,"MD")/DAY(EOMONTH(J24,0))) -> 38.133333 | AH24: =IF(V24=0, DATEDIF(M24,P24,"M")+DATEDIF(M24,P24,"MD")/DAY(EOMONTH(M24,0)), DATEDIF(M24,R24,"M")+DATEDIF(M24,R24,"MD")/DAY(EOMONTH(M24,0))) -> 22.322581 | AI24: 37.032258 | AJ24: =IF(X24=0, DATEDIF(M24,P24,"M")+DATEDIF(M24,P24,"MD")/DAY(EOMONTH(M24,0)), DATEDIF(M24,T24,"M")+DATEDIF(M24,T24,"MD")/DAY(EOMONTH(M24,0))) -> 22.322581 | AK24: =IF(Y24=0, DATEDIF(M24,Q24,"M")+DATEDIF(M24,Q24,"MD")/DAY(EOMONTH(M24,0)), DATEDIF(M24,U24,"M")+DATEDIF(M24,U24,"MD")/DAY(EOMONTH(M24,0))) -> 37.032258 | AL24: =IF(MID(A24,FIND("_",A24)-1,1)="2", 2, 1) -> 2 | AM24: =IFERROR( CHOOSE( VALUE(MID(D24, FIND("-", D24) - 1, 1)), "University of Cincinnati", "Ohio State University", "Medical University of South Carolina", "University of Michigan", "University of Louisville", "MD Anderson" ), "Unknown" ) -> Medical University of South Carolina | AN24: 0 | AO24: 9 | AP24: =VLOOKUP(D24, METADATALOOKUP!$A:$AI, 7, FALSE) -> 63 | AQ24: =VLOOKUP(D24, METADATALOOKUP!$A:$AI, 8, FALSE) -> Male | AR24: =VLOOKUP(D24, METADATALOOKUP!$A:$AI, 9, FALSE) -> White | AS24: =VLOOKUP(D24, METADATALOOKUP!$A:$AI, 11, FALSE) -> Yes | AT24: =VLOOKUP(D24, METADATALOOKUP!$A:$AI, 10, FALSE) -> Non-Hispanic | AU24: =VLOOKUP(D24, METADATALOOKUP!$A:$AI, 12, FALSE) -> Yes | AV24: =VLOOKUP(D24, METADATALOOKUP!$A:$AI, 14, FALSE) -> T4N2cMx | AW24: =VLOOKUP(D24, METADATALOOKUP!$A:$AI, 6, FALSE) -> High | AX24: =VLOOKUP(D24, METADATALOOKUP!$A:$AI, 19, FALSE) -> Unknown | AY24: =LOOKUP(D24, SURVLOOKUP!$A:$A, SURVLOOKUP!$P:$P) -> 1 | AZ24: 3 | BA24: =TEXT(VLOOKUP(D24, METADATALOOKUP!$A:$AI, 34, FALSE), "@") -> 0.3 | BB24: =IF(AZ24=0, "Non-Responder", "Responder") -> Responder | BC24: 0.534 | BE24: 24 | BF24: 1.872659 | BG24: 48.12734 | BH24: 10.6 | BI24: 2.358491 | BJ24: UDI0268 | BK24: TACAGGCC | BL24: CATTCGCC
A25: Pilot2_26 | B25: =VLOOKUP(A25, IDSLOOKUP!C:E, 2, FALSE) -> Day 0 | C25: =VLOOKUP(D25, METADATALOOKUP!$A:$AI, 13, FALSE) -> Larynx | D25: =VLOOKUP(A25, IDSLOOKUP!C:E, 3, FALSE) -> HN03-03 | E25: =VLOOKUP(A25,CFDNALOOKUP!AG:AI,2,FALSE) -> 44090 | F25: =VLOOKUP(A25,CFDNALOOKUP!AG:AI,3,FALSE) -> 44180 | G25: =VLOOKUP(D25, SURVLOOKUP!$A:$Q, 2, FALSE) -> 43544 | H25: =VLOOKUP(D25, SURVLOOKUP!$A:$Q, 3, FALSE) -> 43591 | I25: =VLOOKUP(D25, SURVLOOKUP!$A:$Q, 4, FALSE) -> 43598 | J25: =VLOOKUP(D25, SURVLOOKUP!$A:$Q, 5, FALSE) -> 43621 | K25: =VLOOKUP(D25, SURVLOOKUP!$A:$Q, 6, FALSE) -> 43664 | L25: =VLOOKUP(D25, SURVLOOKUP!$A:$Q, 7, FALSE) -> 43707 | M25: =VLOOKUP(D25, SURVLOOKUP!$A:$Q, 8, FALSE) -> 43654 | N25: =VLOOKUP(D25, SURVLOOKUP!$A:$Q, 9, FALSE) -> 43759 | O25: =VLOOKUP(D25, SURVLOOKUP!$A:$Q, 10, FALSE) -> NA | P25: =VLOOKUP(D25, OLDSURVLOOKUP!$A:$AA, 19, FALSE) -> 44334 | Q25: =VLOOKUP(D25, SURVLOOKUP!$A:$Q, 11, FALSE) -> 44781 | U25: =VLOOKUP(D25, SURVLOOKUP!$A:$Q, 13, FALSE) -> 44782 | V25: =_xlfn.XLOOKUP(D25, OLDSURVLOOKUP!$A:$A, OLDSURVLOOKUP!V:V) -> 0 | W25: =VLOOKUP(D25, SURVLOOKUP!$A:$Q, 14, FALSE) -> 1 | X25: =_xlfn.XLOOKUP(D25, OLDSURVLOOKUP!$A:$A, OLDSURVLOOKUP!X:X) -> 0 | Y25: =VLOOKUP(D25, SURVLOOKUP!$A:$Q, 15, FALSE) -> 1 | Z25: =IF(V25=0, DATEDIF(I25,P25,"M")+DATEDIF(I25,P25,"MD")/DAY(EOMONTH(I25,0)), DATEDIF(I25,R25,"M")+DATEDIF(I25,R25,"MD")/DAY(EOMONTH(I25,0))) -> 24.16129 | AA25: 38.870968 | AB25: =IF(X25=0, DATEDIF(I25,P25,"M")+DATEDIF(I25,P25,"MD")/DAY(EOMONTH(I25,0)), DATEDIF(I25,T25,"M")+DATEDIF(I25,T25,"MD")/DAY(EOMONTH(I25,0))) -> 24.16129 | AC25: =IF(Y25=0, DATEDIF(I25,Q25,"M")+DATEDIF(I25,Q25,"MD")/DAY(EOMONTH(I25,0)), DATEDIF(I25,U25,"M")+DATEDIF(I25,U25,"MD")/DAY(EOMONTH(I25,0))) -> 38.870968 | AD25: =IF(V25=0, DATEDIF(J25,P25,"M")+DATEDIF(J25,P25,"MD")/DAY(EOMONTH(J25,0)), DATEDIF(J25,R25,"M")+DATEDIF(J25,R25,"MD")/DAY(EOMONTH(J25,0))) -> 23.433333 | AE25: 38.133333 | AF25: =IF(X25=0, DATEDIF(J25,P25,"M")+DATEDIF(J25,P25,"MD")/DAY(EOMONTH(J25,0)), DATEDIF(J25,T25,"M")+DATEDIF(J25,T25,"MD")/DAY(EOMONTH(J25,0))) -> 23.433333 | AG25: =IF(Y25=0, DATEDIF(J25,Q25,"M")+DATEDIF(J25,Q25,"MD")/DAY(EOMONTH(J25,0)), DATEDIF(J25,U25,"M")+DATEDIF(J25,U25,"MD")/DAY(EOMONTH(J25,0))) -> 38.133333 | AH25: =IF(V25=0, DATEDIF(M25,P25,"M")+DATEDIF(M25,P25,"MD")/DAY(EOMONTH(M25,0)), DATEDIF(M25,R25,"M")+DATEDIF(M25,R25,"MD")/DAY(EOMONTH(M25,0))) -> 22.322581 | AI25: 37.032258 | AJ25: =IF(X25=0, DATEDIF(M25,P25,"M")+DATEDIF(M25,P25,"MD")/DAY(EOMONTH(M25,0)), DATEDIF(M25,T25,"M")+DATEDIF(M25,T25,"MD")/DAY(EOMONTH(M25,0))) -> 22.322581 | AK25: =IF(Y25=0, DATEDIF(M25,Q25,"M")+DATEDIF(M25,Q25,"MD")/DAY(EOMONTH(M25,0)), DATEDIF(M25,U25,"M")+DATEDIF(M25,U25,"MD")/DAY(EOMONTH(M25,0))) -> 37.032258 | AL25: =IF(MID(A25,FIND("_",A25)-1,1)="2", 2, 1) -> 2 | AM25: =IFERROR( CHOOSE( VALUE(MID(D25, FIND("-", D25) - 1, 1)), "University of Cincinnati", "Ohio State University", "Medical University of South Carolina", "University of Michigan", "University of Louisville", "MD Anderson" ), "Unknown" ) -> Medical University of South Carolina | AN25: 0 | AO25: 9 | AP25: =VLOOKUP(D25, METADATALOOKUP!$A:$AI, 7, FALSE) -> 63 | AQ25: =VLOOKUP(D25, METADATALOOKUP!$A:$AI, 8, FALSE) -> Male | AR25: =VLOOKUP(D25, METADATALOOKUP!$A:$AI, 9, FALSE) -> White | AS25: =VLOOKUP(D25, METADATALOOKUP!$A:$AI, 11, FALSE) -> Yes | AT25: =VLOOKUP(D25, METADATALOOKUP!$A:$AI, 10, FALSE) -> Non-Hispanic | AU25: =VLOOKUP(D25, METADATALOOKUP!$A:$AI, 12, FALSE) -> Yes | AV25: =VLOOKUP(D25, METADATALOOKUP!$A:$AI, 14, FALSE) -> T4N2cMx | AW25: =VLOOKUP(D25, METADATALOOKUP!$A:$AI, 6, FALSE) -> High | AX25: =VLOOKUP(D25, METADATALOOKUP!$A:$AI, 19, FALSE) -> Unknown | AY25: =LOOKUP(D25, SURVLOOKUP!$A:$A, SURVLOOKUP!$P:$P) -> 1 | AZ25: 3 | BA25: =TEXT(VLOOKUP(D25, METADATALOOKUP!$A:$AI, 34, FALSE), "@") -> 0.3 | BB25: =IF(AZ25=0, "Non-Responder", "Responder") -> Responder | BC25: 1.43 | BE25: 24 | BF25: 0.699301 | BG25: 49.3007 | BH25: 7.26 | BI25: 3.443526 | BJ25: UDI0246 | BK25: TACACTGG | BL25: GCTCAATC
A26: Pilot2_27 | B26: =VLOOKUP(A26, IDSLOOKUP!C:E, 2, FALSE) -> Adj Wk 1 | C26: =VLOOKUP(D26, METADATALOOKUP!$A:$AI, 13, FALSE) -> Larynx | D26: =VLOOKUP(A26, IDSLOOKUP!C:E, 3, FALSE) -> HN03-03 | E26: =VLOOKUP(A26,CFDNALOOKUP!AG:AI,2,FALSE) -> 44090 | F26: =VLOOKUP(A26,CFDNALOOKUP!AG:AI,3,FALSE) -> 44180 | G26: =VLOOKUP(D26, SURVLOOKUP!$A:$Q, 2, FALSE) -> 43544 | H26: =VLOOKUP(D26, SURVLOOKUP!$A:$Q, 3, FALSE) -> 43591 | I26: =VLOOKUP(D26, SURVLOOKUP!$A:$Q, 4, FALSE) -> 43598 | J26: =VLOOKUP(D26, SURVLOOKUP!$A:$Q, 5, FALSE) -> 43621 | K26: =VLOOKUP(D26, SURVLOOKUP!$A:$Q, 6, FALSE) -> 43664 | L26: =VLOOKUP(D26, SURVLOOKUP!$A:$Q, 7, FALSE) -> 43707 | M26: =VLOOKUP(D26, SURVLOOKUP!$A:$Q, 8, FALSE) -> 43654 | N26: =VLOOKUP(D26, SURVLOOKUP!$A:$Q, 9, FALSE) -> 43759 | O26: =VLOOKUP(D26, SURVLOOKUP!$A:$Q, 10, FALSE) -> NA | P26: =VLOOKUP(D26, OLDSURVLOOKUP!$A:$AA, 19, FALSE) -> 44334 | Q26: =VLOOKUP(D26, SURVLOOKUP!$A:$Q, 11, FALSE) -> 44781 | U26: =VLOOKUP(D26, SURVLOOKUP!$A:$Q, 13, FALSE) -> 44782 | V26: =_xlfn.XLOOKUP(D26, OLDSURVLOOKUP!$A:$A, OLDSURVLOOKUP!V:V) -> 0 | W26: =VLOOKUP(D26, SURVLOOKUP!$A:$Q, 14, FALSE) -> 1 | X26: =_xlfn.XLOOKUP(D26, OLDSURVLOOKUP!$A:$A, OLDSURVLOOKUP!X:X) -> 0 | Y26: =VLOOKUP(D26, SURVLOOKUP!$A:$Q, 15, FALSE) -> 1 | Z26: =IF(V26=0, DATEDIF(I26,P26,"M")+DATEDIF(I26,P26,"MD")/DAY(EOMONTH(I26,0)), DATEDIF(I26,R26,"M")+DATEDIF(I26,R26,"MD")/DAY(EOMONTH(I26,0))) -> 24.16129 | AA26: 38.870968 | AB26: =IF(X26=0, DATEDIF(I26,P26,"M")+DATEDIF(I26,P26,"MD")/DAY(EOMONTH(I26,0)), DATEDIF(I26,T26,"M")+DATEDIF(I26,T26,"MD")/DAY(EOMONTH(I26,0))) -> 24.16129 | AC26: =IF(Y26=0, DATEDIF(I26,Q26,"M")+DATEDIF(I26,Q26,"MD")/DAY(EOMONTH(I26,0)), DATEDIF(I26,U26,"M")+DATEDIF(I26,U26,"MD")/DAY(EOMONTH(I26,0))) -> 38.870968 | AD26: =IF(V26=0, DATEDIF(J26,P26,"M")+DATEDIF(J26,P26,"MD")/DAY(EOMONTH(J26,0)), DATEDIF(J26,R26,"M")+DATEDIF(J26,R26,"MD")/DAY(EOMONTH(J26,0))) -> 23.433333 | AE26: 38.133333 | AF26: =IF(X26=0, DATEDIF(J26,P26,"M")+DATEDIF(J26,P26,"MD")/DAY(EOMONTH(J26,0)), DATEDIF(J26,T26,"M")+DATEDIF(J26,T26,"MD")/DAY(EOMONTH(J26,0))) -> 23.433333 | AG26: =IF(Y26=0, DATEDIF(J26,Q26,"M")+DATEDIF(J26,Q26,"MD")/DAY(EOMONTH(J26,0)), DATEDIF(J26,U26,"M")+DATEDIF(J26,U26,"MD")/DAY(EOMONTH(J26,0))) -> 38.133333 | AH26: =IF(V26=0, DATEDIF(M26,P26,"M")+DATEDIF(M26,P26,"MD")/DAY(EOMONTH(M26,0)), DATEDIF(M26,R26,"M")+DATEDIF(M26,R26,"MD")/DAY(EOMONTH(M26,0))) -> 22.322581 | AI26: 37.032258 | AJ26: =IF(X26=0, DATEDIF(M26,P26,"M")+DATEDIF(M26,P26,"MD")/DAY(EOMONTH(M26,0)), DATEDIF(M26,T26,"M")+DATEDIF(M26,T26,"MD")/DAY(EOMONTH(M26,0))) -> 22.322581 | AK26: =IF(Y26=0, DATEDIF(M26,Q26,"M")+DATEDIF(M26,Q26,"MD")/DAY(EOMONTH(M26,0)), DATEDIF(M26,U26,"M")+DATEDIF(M26,U26,"MD")/DAY(EOMONTH(M26,0))) -> 37.032258 | AL26: =IF(MID(A26,FIND("_",A26)-1,1)="2", 2, 1) -> 2 | AM26: =IFERROR( CHOOSE( VALUE(MID(D26, FIND("-", D26) - 1, 1)), "University of Cincinnati", "Ohio State University", "Medical University of South Carolina", "University of Michigan", "University of Louisville", "MD Anderson" ), "Unknown" ) -> Medical University of South Carolina | AN26: 0 | AO26: 9 | AP26: =VLOOKUP(D26, METADATALOOKUP!$A:$AI, 7, FALSE) -> 63 | AQ26: =VLOOKUP(D26, METADATALOOKUP!$A:$AI, 8, FALSE) -> Male | AR26: =VLOOKUP(D26, METADATALOOKUP!$A:$AI, 9, FALSE) -> White | AS26: =VLOOKUP(D26, METADATALOOKUP!$A:$AI, 11, FALSE) -> Yes | AT26: =VLOOKUP(D26, METADATALOOKUP!$A:$AI, 10, FALSE) -> Non-Hispanic | AU26: =VLOOKUP(D26, METADATALOOKUP!$A:$AI, 12, FALSE) -> Yes | AV26: =VLOOKUP(D26, METADATALOOKUP!$A:$AI, 14, FALSE) -> T4N2cMx | AW26: =VLOOKUP(D26, METADATALOOKUP!$A:$AI, 6, FALSE) -> High | AX26: =VLOOKUP(D26, METADATALOOKUP!$A:$AI, 19, FALSE) -> Unknown | AY26: =LOOKUP(D26, SURVLOOKUP!$A:$A, SURVLOOKUP!$P:$P) -> 1 | AZ26: 3 | BA26: =TEXT(VLOOKUP(D26, METADATALOOKUP!$A:$AI, 34, FALSE), "@") -> 0.3 | BB26: =IF(AZ26=0, "Non-Responder", "Responder") -> Responder | BC26: 1.08 | BE26: 24 | BF26: 0.925926 | BG26: 49.07407 | BH26: 4.94 | BI26: 5.060729 | BJ26: UDI0245 | BK26: AGGTCAAG | BL26: CGCGTTAT
A27: Pilot2_28 | B27: =VLOOKUP(A27, IDSLOOKUP!C:E, 2, FALSE) -> Screen | C27: =VLOOKUP(D27, METADATALOOKUP!$A:$AI, 13, FALSE) -> Hypopharynx | D27: =VLOOKUP(A27, IDSLOOKUP!C:E, 3, FALSE) -> HN03-04 | E27: =VLOOKUP(A27,CFDNALOOKUP!AG:AI,2,FALSE) -> 44090 | F27: =VLOOKUP(A27,CFDNALOOKUP!AG:AI,3,FALSE) -> 44180 | G27: =VLOOKUP(D27, SURVLOOKUP!$A:$Q, 2, FALSE) -> 43677 | H27: =VLOOKUP(D27, SURVLOOKUP!$A:$Q, 3, FALSE) -> 43707 | I27: =VLOOKUP(D27, SURVLOOKUP!$A:$Q, 4, FALSE) -> 43727 | J27: =VLOOKUP(D27, SURVLOOKUP!$A:$Q, 5, FALSE) -> 43740 | K27: =VLOOKUP(D27, SURVLOOKUP!$A:$Q, 6, FALSE) -> 43776 | L27: =VLOOKUP(D27, SURVLOOKUP!$A:$Q, 7, FALSE) -> 43826 | M27: =VLOOKUP(D27, SURVLOOKUP!$A:$Q, 8, FALSE) -> 43769 | N27: =VLOOKUP(D27, SURVLOOKUP!$A:$Q, 9, FALSE) -> 43878 | O27: =VLOOKUP(D27, SURVLOOKUP!$A:$Q, 10, FALSE) -> NA | P27: =VLOOKUP(D27, OLDSURVLOOKUP!$A:$AA, 19, FALSE) -> 44314 | Q27: =VLOOKUP(D27, SURVLOOKUP!$A:$Q, 11, FALSE) -> 44465 | U27: =VLOOKUP(D27, SURVLOOKUP!$A:$Q, 13, FALSE) -> 44466 | V27: =_xlfn.XLOOKUP(D27, OLDSURVLOOKUP!$A:$A, OLDSURVLOOKUP!V:V) -> 0 | W27: =VLOOKUP(D27, SURVLOOKUP!$A:$Q, 14, FALSE) -> 1 | X27: =_xlfn.XLOOKUP(D27, OLDSURVLOOKUP!$A:$A, OLDSURVLOOKUP!X:X) -> 0 | Y27: =VLOOKUP(D27, SURVLOOKUP!$A:$Q, 15, FALSE) -> 1 | Z27: =IF(V27=0, DATEDIF(I27,P27,"M")+DATEDIF(I27,P27,"MD")/DAY(EOMONTH(I27,0)), DATEDIF(I27,R27,"M")+DATEDIF(I27,R27,"MD")/DAY(EOMONTH(I27,0))) -> 19.3 | AA27: 24.266667 | AB27: =IF(X27=0, DATEDIF(I27,P27,"M")+DATEDIF(I27,P27,"MD")/DAY(EOMONTH(I27,0)), DATEDIF(I27,T27,"M")+DATEDIF(I27,T27,"MD")/DAY(EOMONTH(I27,0))) -> 19.3 | AC27: =IF(Y27=0, DATEDIF(I27,Q27,"M")+DATEDIF(I27,Q27,"MD")/DAY(EOMONTH(I27,0)), DATEDIF(I27,U27,"M")+DATEDIF(I27,U27,"MD")/DAY(EOMONTH(I27,0))) -> 24.266667 | AD27: =IF(V27=0, DATEDIF(J27,P27,"M")+DATEDIF(J27,P27,"MD")/DAY(EOMONTH(J27,0)), DATEDIF(J27,R27,"M")+DATEDIF(J27,R27,"MD")/DAY(EOMONTH(J27,0))) -> 18.83871 | AE27: 23.806452 | AF27: =IF(X27=0, DATEDIF(J27,P27,"M")+DATEDIF(J27,P27,"MD")/DAY(EOMONTH(J27,0)), DATEDIF(J27,T27,"M")+DATEDIF(J27,T27,"MD")/DAY(EOMONTH(J27,0))) -> 18.83871 | AG27: =IF(Y27=0, DATEDIF(J27,Q27,"M")+DATEDIF(J27,Q27,"MD")/DAY(EOMONTH(J27,0)), DATEDIF(J27,U27,"M")+DATEDIF(J27,U27,"MD")/DAY(EOMONTH(J27,0))) -> 23.806452 | AH27: =IF(V27=0, DATEDIF(M27,P27,"M")+DATEDIF(M27,P27,"MD")/DAY(EOMONTH(M27,0)), DATEDIF(M27,R27,"M")+DATEDIF(M27,R27,"MD")/DAY(EOMONTH(M27,0))) -> 17.903226 | AI27: 22.870968 | AJ27: =IF(X27=0, DATEDIF(M27,P27,"M")+DATEDIF(M27,P27,"MD")/DAY(EOMONTH(M27,0)), DATEDIF(M27,T27,"M")+DATEDIF(M27,T27,"MD")/DAY(EOMONTH(M27,0))) -> 17.903226 | AK27: =IF(Y27=0, DATEDIF(M27,Q27,"M")+DATEDIF(M27,Q27,"MD")/DAY(EOMONTH(M27,0)), DATEDIF(M27,U27,"M")+DATEDIF(M27,U27,"MD")/DAY(EOMONTH(M27,0))) -> 22.870968 | AL27: =IF(MID(A27,FIND("_",A27)-1,1)="2", 2, 1) -> 2 | AM27: =IFERROR( CHOOSE( VALUE(MID(D27, FIND("-", D27) - 1, 1)), "University of Cincinnati", "Ohio State University", "Medical University of South Carolina", "University of Michigan", "University of Louisville", "MD Anderson" ), "Unknown" ) -> Medical University of South Carolina | AN27: 0 | AO27: 10 | AP27: =VLOOKUP(D27, METADATALOOKUP!$A:$AI, 7, FALSE) -> 49 | AQ27: =VLOOKUP(D27, METADATALOOKUP!$A:$AI, 8, FALSE) -> Male | AR27: =VLOOKUP(D27, METADATALOOKUP!$A:$AI, 9, FALSE) -> White | AS27: =VLOOKUP(D27, METADATALOOKUP!$A:$AI, 11, FALSE) -> Yes | AT27: =VLOOKUP(D27, METADATALOOKUP!$A:$AI, 10, FALSE) -> Non-Hispanic | AU27: =VLOOKUP(D27, METADATALOOKUP!$A:$AI, 12, FALSE) -> Yes | AV27: =VLOOKUP(D27, METADATALOOKUP!$A:$AI, 14, FALSE) -> T4aN2bM0 | AW27: =VLOOKUP(D27, METADATALOOKUP!$A:$AI, 6, FALSE) -> High | AX27: =VLOOKUP(D27, METADATALOOKUP!$A:$AI, 19, FALSE) -> No | AY27: =LOOKUP(D27, SURVLOOKUP!$A:$A, SURVLOOKUP!$P:$P) -> 0 | AZ27: 0 | BA27: =TEXT(VLOOKUP(D27, METADATALOOKUP!$A:$AI, 34, FALSE), "@") -> <10% | BB27: =IF(AZ27=0, "Non-Responder", "Responder") -> Non-Responder | BC27: 1.29 | BE27: 24 | BF27: 0.775194 | BG27: 49.22481 | BH27: 4.68 | BI27: 5.34188 | BJ27: UDI0210 | BK27: ACATATGT | BL27: GATCGCAG
A28: Pilot2_29 | B28: =VLOOKUP(A28, IDSLOOKUP!C:E, 2, FALSE) -> Adj Wk 1 | C28: =VLOOKUP(D28, METADATALOOKUP!$A:$AI, 13, FALSE) -> Hypopharynx | D28: =VLOOKUP(A28, IDSLOOKUP!C:E, 3, FALSE) -> HN03-04 | E28: =VLOOKUP(A28,CFDNALOOKUP!AG:AI,2,FALSE) -> 44090 | F28: =VLOOKUP(A28,CFDNALOOKUP!AG:AI,3,FALSE) -> 44179 | G28: =VLOOKUP(D28, SURVLOOKUP!$A:$Q, 2, FALSE) -> 43677 | H28: =VLOOKUP(D28, SURVLOOKUP!$A:$Q, 3, FALSE) -> 43707 | I28: =VLOOKUP(D28, SURVLOOKUP!$A:$Q, 4, FALSE) -> 43727 | J28: =VLOOKUP(D28, SURVLOOKUP!$A:$Q, 5, FALSE) -> 43740 | K28: =VLOOKUP(D28, SURVLOOKUP!$A:$Q, 6, FALSE) -> 43776 | L28: =VLOOKUP(D28, SURVLOOKUP!$A:$Q, 7, FALSE) -> 43826 | M28: =VLOOKUP(D28, SURVLOOKUP!$A:$Q, 8, FALSE) -> 43769 | N28: =VLOOKUP(D28, SURVLOOKUP!$A:$Q, 9, FALSE) -> 43878 | O28: =VLOOKUP(D28, SURVLOOKUP!$A:$Q, 10, FALSE) -> NA | P28: =VLOOKUP(D28, OLDSURVLOOKUP!$A:$AA, 19, FALSE) -> 44314 | Q28: =VLOOKUP(D28, SURVLOOKUP!$A:$Q, 11, FALSE) -> 44465 | U28: =VLOOKUP(D28, SURVLOOKUP!$A:$Q, 13, FALSE) -> 44466 | V28: =_xlfn.XLOOKUP(D28, OLDSURVLOOKUP!$A:$A, OLDSURVLOOKUP!V:V) -> 0 | W28: =VLOOKUP(D28, SURVLOOKUP!$A:$Q, 14, FALSE) -> 1 | X28: =_xlfn.XLOOKUP(D28, OLDSURVLOOKUP!$A:$A, OLDSURVLOOKUP!X:X) -> 0 | Y28: =VLOOKUP(D28, SURVLOOKUP!$A:$Q, 15, FALSE) -> 1 | Z28: =IF(V28=0, DATEDIF(I28,P28,"M")+DATEDIF(I28,P28,"MD")/DAY(EOMONTH(I28,0)), DATEDIF(I28,R28,"M")+DATEDIF(I28,R28,"MD")/DAY(EOMONTH(I28,0))) -> 19.3 | AA28: 24.266667 | AB28: =IF(X28=0, DATEDIF(I28,P28,"M")+DATEDIF(I28,P28,"MD")/DAY(EOMONTH(I28,0)), DATEDIF(I28,T28,"M")+DATEDIF(I28,T28,"MD")/DAY(EOMONTH(I28,0))) -> 19.3 | AC28: =IF(Y28=0, DATEDIF(I28,Q28,"M")+DATEDIF(I28,Q28,"MD")/DAY(EOMONTH(I28,0)), DATEDIF(I28,U28,"M")+DATEDIF(I28,U28,"MD")/DAY(EOMONTH(I28,0))) -> 24.266667 | AD28: =IF(V28=0, DATEDIF(J28,P28,"M")+DATEDIF(J28,P28,"MD")/DAY(EOMONTH(J28,0)), DATEDIF(J28,R28,"M")+DATEDIF(J28,R28,"MD")/DAY(EOMONTH(J28,0))) -> 18.83871 | AE28: 23.806452 | AF28: =IF(X28=0, DATEDIF(J28,P28,"M")+DATEDIF(J28,P28,"MD")/DAY(EOMONTH(J28,0)), DATEDIF(J28,T28,"M")+DATEDIF(J28,T28,"MD")/DAY(EOMONTH(J28,0))) -> 18.83871 | AG28: =IF(Y28=0, DATEDIF(J28,Q28,"M")+DATEDIF(J28,Q28,"MD")/DAY(EOMONTH(J28,0)), DATEDIF(J28,U28,"M")+DATEDIF(J28,U28,"MD")/DAY(EOMONTH(J28,0))) -> 23.806452 | AH28: =IF(V28=0, DATEDIF(M28,P28,"M")+DATEDIF(M28,P28,"MD")/DAY(EOMONTH(M28,0)), DATEDIF(M28,R28,"M")+DATEDIF(M28,R28,"MD")/DAY(EOMONTH(M28,0))) -> 17.903226 | AI28: 22.870968 | AJ28: =IF(X28=0, DATEDIF(M28,P28,"M")+DATEDIF(M28,P28,"MD")/DAY(EOMONTH(M28,0)), DATEDIF(M28,T28,"M")+DATEDIF(M28,T28,"MD")/DAY(EOMONTH(M28,0))) -> 17.903226 | AK28: =IF(Y28=0, DATEDIF(M28,Q28,"M")+DATEDIF(M28,Q28,"MD")/DAY(EOMONTH(M28,0)), DATEDIF(M28,U28,"M")+DATEDIF(M28,U28,"MD")/DAY(EOMONTH(M28,0))) -> 22.870968 | AL28: =IF(MID(A28,FIND("_",A28)-1,1)="2", 2, 1) -> 2 | AM28: =IFERROR( CHOOSE( VALUE(MID(D28, FIND("-", D28) - 1, 1)), "University of Cincinnati", "Ohio State University", "Medical University of South Carolina", "University of Michigan", "University of Louisville", "MD Anderson" ), "Unknown" ) -> Medical University of South Carolina | AN28: 0 | AO28: 10 | AP28: =VLOOKUP(D28, METADATALOOKUP!$A:$AI, 7, FALSE) -> 49 | AQ28: =VLOOKUP(D28, METADATALOOKUP!$A:$AI, 8, FALSE) -> Male | AR28: =VLOOKUP(D28, METADATALOOKUP!$A:$AI, 9, FALSE) -> White | AS28: =VLOOKUP(D28, METADATALOOKUP!$A:$AI, 11, FALSE) -> Yes | AT28: =VLOOKUP(D28, METADATALOOKUP!$A:$AI, 10, FALSE) -> Non-Hispanic | AU28: =VLOOKUP(D28, METADATALOOKUP!$A:$AI, 12, FALSE) -> Yes | AV28: =VLOOKUP(D28, METADATALOOKUP!$A:$AI, 14, FALSE) -> T4aN2bM0 | AW28: =VLOOKUP(D28, METADATALOOKUP!$A:$AI, 6, FALSE) -> High | AX28: =VLOOKUP(D28, METADATALOOKUP!$A:$AI, 19, FALSE) -> No | AY28: =LOOKUP(D28, SURVLOOKUP!$A:$A, SURVLOOKUP!$P:$P) -> 0 | AZ28: 0 | BA28: =TEXT(VLOOKUP(D28, METADATALOOKUP!$A:$AI, 34, FALSE), "@") -> <10% | BB28: =IF(AZ28=0, "Non-Responder", "Responder") -> Non-Responder | BC28: 1.2 | BE28: 24 | BF28: 0.833333 | BG28: 49.16667 | BH28: 6.42 | BI28: 3.894081 | BJ28: UDI0198 | BK28: ACATCGGA | BL28: GAAGTTGA
A29: Pilot2_30 | B29: =VLOOKUP(A29, IDSLOOKUP!C:E, 2, FALSE) -> Screen | C29: =VLOOKUP(D29, METADATALOOKUP!$A:$AI, 13, FALSE) -> Larynx | D29: =VLOOKUP(A29, IDSLOOKUP!C:E, 3, FALSE) -> HN04-01 | E29: =VLOOKUP(A29,CFDNALOOKUP!AG:AI,2,FALSE) -> 44090 | F29: =VLOOKUP(A29,CFDNALOOKUP!AG:AI,3,FALSE) -> 44179 | G29: =VLOOKUP(D29, SURVLOOKUP!$A:$Q, 2, FALSE) -> 42892 | H29: =VLOOKUP(D29, SURVLOOKUP!$A:$Q, 3, FALSE) -> 42914 | I29: =VLOOKUP(D29, SURVLOOKUP!$A:$Q, 4, FALSE) -> 42919 | J29: =VLOOKUP(D29, SURVLOOKUP!$A:$Q, 5, FALSE) -> 42926 | K29: =VLOOKUP(D29, SURVLOOKUP!$A:$Q, 6, FALSE) -> 42962 | L29: =VLOOKUP(D29, SURVLOOKUP!$A:$Q, 7, FALSE) -> 42997 | M29: =VLOOKUP(D29, SURVLOOKUP!$A:$Q, 8, FALSE) -> 42955 | N29: =VLOOKUP(D29, SURVLOOKUP!$A:$Q, 9, FALSE) -> 43060 | O29: =VLOOKUP(D29, SURVLOOKUP!$A:$Q, 10, FALSE) -> NA | P29: =VLOOKUP(D29, OLDSURVLOOKUP!$A:$AA, 19, FALSE) -> 44328 | Q29: =VLOOKUP(D29, SURVLOOKUP!$A:$Q, 11, FALSE) -> 44887 | V29: =_xlfn.XLOOKUP(D29, OLDSURVLOOKUP!$A:$A, OLDSURVLOOKUP!V:V) -> 0 | W29: =VLOOKUP(D29, SURVLOOKUP!$A:$Q, 14, FALSE) -> 0 | X29: =_xlfn.XLOOKUP(D29, OLDSURVLOOKUP!$A:$A, OLDSURVLOOKUP!X:X) -> 0 | Y29: =VLOOKUP(D29, SURVLOOKUP!$A:$Q, 15, FALSE) -> 0 | Z29: =IF(V29=0, DATEDIF(I29,P29,"M")+DATEDIF(I29,P29,"MD")/DAY(EOMONTH(I29,0)), DATEDIF(I29,R29,"M")+DATEDIF(I29,R29,"MD")/DAY(EOMONTH(I29,0))) -> 46.290323 | AA29: =IF(W29=0, DATEDIF(I29,Q29,"M")+DATEDIF(I29,Q29,"MD")/DAY(EOMONTH(I29,0)), DATEDIF(I29,S29,"M")+DATEDIF(I29,S29,"MD")/DAY(EOMONTH(I29,0))) -> 64.612903 | AB29: =IF(X29=0, DATEDIF(I29,P29,"M")+DATEDIF(I29,P29,"MD")/DAY(EOMONTH(I29,0)), DATEDIF(I29,T29,"M")+DATEDIF(I29,T29,"MD")/DAY(EOMONTH(I29,0))) -> 46.290323 | AC29: =IF(Y29=0, DATEDIF(I29,Q29,"M")+DATEDIF(I29,Q29,"MD")/DAY(EOMONTH(I29,0)), DATEDIF(I29,U29,"M")+DATEDIF(I29,U29,"MD")/DAY(EOMONTH(I29,0))) -> 64.612903 | AD29: =IF(V29=0, DATEDIF(J29,P29,"M")+DATEDIF(J29,P29,"MD")/DAY(EOMONTH(J29,0)), DATEDIF(J29,R29,"M")+DATEDIF(J29,R29,"MD")/DAY(EOMONTH(J29,0))) -> 46.064516 | AE29: =IF(W29=0, DATEDIF(J29,Q29,"M")+DATEDIF(J29,Q29,"MD")/DAY(EOMONTH(J29,0)), DATEDIF(J29,S29,"M")+DATEDIF(J29,S29,"MD")/DAY(EOMONTH(J29,0))) -> 64.387097 | AF29: =IF(X29=0, DATEDIF(J29,P29,"M")+DATEDIF(J29,P29,"MD")/DAY(EOMONTH(J29,0)), DATEDIF(J29,T29,"M")+DATEDIF(J29,T29,"MD")/DAY(EOMONTH(J29,0))) -> 46.064516 | AG29: =IF(Y29=0, DATEDIF(J29,Q29,"M")+DATEDIF(J29,Q29,"MD")/DAY(EOMONTH(J29,0)), DATEDIF(J29,U29,"M")+DATEDIF(J29,U29,"MD")/DAY(EOMONTH(J29,0))) -> 64.387097 | AH29: =IF(V29=0, DATEDIF(M29,P29,"M")+DATEDIF(M29,P29,"MD")/DAY(EOMONTH(M29,0)), DATEDIF(M29,R29,"M")+DATEDIF(M29,R29,"MD")/DAY(EOMONTH(M29,0))) -> 45.129032 | AI29: =IF(W29=0, DATEDIF(M29,Q29,"M")+DATEDIF(M29,Q29,"MD")/DAY(EOMONTH(M29,0)), DATEDIF(M29,S29,"M")+DATEDIF(M29,S29,"MD")/DAY(EOMONTH(M29,0))) -> 63.451613 | AJ29: =IF(X29=0, DATEDIF(M29,P29,"M")+DATEDIF(M29,P29,"MD")/DAY(EOMONTH(M29,0)), DATEDIF(M29,T29,"M")+DATEDIF(M29,T29,"MD")/DAY(EOMONTH(M29,0))) -> 45.129032 | AK29: =IF(Y29=0, DATEDIF(M29,Q29,"M")+DATEDIF(M29,Q29,"MD")/DAY(EOMONTH(M29,0)), DATEDIF(M29,U29,"M")+DATEDIF(M29,U29,"MD")/DAY(EOMONTH(M29,0))) -> 63.451613 | AL29: =IF(MID(A29,FIND("_",A29)-1,1)="2", 2, 1) -> 2 | AM29: =IFERROR( CHOOSE( VALUE(MID(D29, FIND("-", D29) - 1, 1)), "University of Cincinnati", "Ohio State University", "Medical University of South Carolina", "University of Michigan", "University of Louisville", "MD Anderson" ), "Unknown" ) -> University of Michigan | AN29: 0 | AO29: 11 | AP29: =VLOOKUP(D29, METADATALOOKUP!$A:$AI, 7, FALSE) -> 45 | AQ29: =VLOOKUP(D29, METADATALOOKUP!$A:$AI, 8, FALSE) -> Male | AR29: =VLOOKUP(D29, METADATALOOKUP!$A:$AI, 9, FALSE) -> White | AS29: =VLOOKUP(D29, METADATALOOKUP!$A:$AI, 11, FALSE) -> Yes | AT29: =VLOOKUP(D29, METADATALOOKUP!$A:$AI, 10, FALSE) -> Non-Hispanic | AU29: =VLOOKUP(D29, METADATALOOKUP!$A:$AI, 12, FALSE) -> Yes | AV29: =VLOOKUP(D29, METADATALOOKUP!$A:$AI, 14, FALSE) -> cT4N2cM0 | AW29: =VLOOKUP(D29, METADATALOOKUP!$A:$AI, 6, FALSE) -> Intermediate | AX29: =VLOOKUP(D29, METADATALOOKUP!$A:$AI, 19, FALSE) -> Yes | AY29: =LOOKUP(D29, SURVLOOKUP!$A:$A, SURVLOOKUP!$P:$P) -> 1 | AZ29: 0 | BA29: =TEXT(VLOOKUP(D29, METADATALOOKUP!$A:$AI, 34, FALSE), "@") -> <10% | BB29: =IF(AZ29=0, "Non-Responder", "Responder") -> Non-Responder | BC29: 0.936 | BE29: 24 | BF29: 1.068376 | BG29: 48.93162 | BH29: 6.02 | BI29: 4.152824 | BJ29: UDI0233 | BK29: AGCAGAGA | BL29: GCCATAAT
A30: Pilot2_31 | B30: =VLOOKUP(A30, IDSLOOKUP!C:E, 2, FALSE) -> Adj Wk 1 | C30: =VLOOKUP(D30, METADATALOOKUP!$A:$AI, 13, FALSE) -> Larynx | D30: =VLOOKUP(A30, IDSLOOKUP!C:E, 3, FALSE) -> HN04-01 | E30: =VLOOKUP(A30,CFDNALOOKUP!AG:AI,2,FALSE) -> 44090 | F30: =VLOOKUP(A30,CFDNALOOKUP!AG:AI,3,FALSE) -> 44179 | G30: =VLOOKUP(D30, SURVLOOKUP!$A:$Q, 2, FALSE) -> 42892 | H30: =VLOOKUP(D30, SURVLOOKUP!$A:$Q, 3, FALSE) -> 42914 | I30: =VLOOKUP(D30, SURVLOOKUP!$A:$Q, 4, FALSE) -> 42919 | J30: =VLOOKUP(D30, SURVLOOKUP!$A:$Q, 5, FALSE) -> 42926 | K30: =VLOOKUP(D30, SURVLOOKUP!$A:$Q, 6, FALSE) -> 42962 | L30: =VLOOKUP(D30, SURVLOOKUP!$A:$Q, 7, FALSE) -> 42997 | M30: =VLOOKUP(D30, SURVLOOKUP!$A:$Q, 8, FALSE) -> 42955 | N30: =VLOOKUP(D30, SURVLOOKUP!$A:$Q, 9, FALSE) -> 43060 | O30: =VLOOKUP(D30, SURVLOOKUP!$A:$Q, 10, FALSE) -> NA | P30: =VLOOKUP(D30, OLDSURVLOOKUP!$A:$AA, 19, FALSE) -> 44328 | Q30: =VLOOKUP(D30, SURVLOOKUP!$A:$Q, 11, FALSE) -> 44887 | V30: =_xlfn.XLOOKUP(D30, OLDSURVLOOKUP!$A:$A, OLDSURVLOOKUP!V:V) -> 0 | W30: =VLOOKUP(D30, SURVLOOKUP!$A:$Q, 14, FALSE) -> 0 | X30: =_xlfn.XLOOKUP(D30, OLDSURVLOOKUP!$A:$A, OLDSURVLOOKUP!X:X) -> 0 | Y30: =VLOOKUP(D30, SURVLOOKUP!$A:$Q, 15, FALSE) -> 0 | Z30: =IF(V30=0, DATEDIF(I30,P30,"M")+DATEDIF(I30,P30,"MD")/DAY(EOMONTH(I30,0)), DATEDIF(I30,R30,"M")+DATEDIF(I30,R30,"MD")/DAY(EOMONTH(I30,0))) -> 46.290323 | AA30: =IF(W30=0, DATEDIF(I30,Q30,"M")+DATEDIF(I30,Q30,"MD")/DAY(EOMONTH(I30,0)), DATEDIF(I30,S30,"M")+DATEDIF(I30,S30,"MD")/DAY(EOMONTH(I30,0))) -> 64.612903 | AB30: =IF(X30=0, DATEDIF(I30,P30,"M")+DATEDIF(I30,P30,"MD")/DAY(EOMONTH(I30,0)), DATEDIF(I30,T30,"M")+DATEDIF(I30,T30,"MD")/DAY(EOMONTH(I30,0))) -> 46.290323 | AC30: =IF(Y30=0, DATEDIF(I30,Q30,"M")+DATEDIF(I30,Q30,"MD")/DAY(EOMONTH(I30,0)), DATEDIF(I30,U30,"M")+DATEDIF(I30,U30,"MD")/DAY(EOMONTH(I30,0))) -> 64.612903 | AD30: =IF(V30=0, DATEDIF(J30,P30,"M")+DATEDIF(J30,P30,"MD")/DAY(EOMONTH(J30,0)), DATEDIF(J30,R30,"M")+DATEDIF(J30,R30,"MD")/DAY(EOMONTH(J30,0))) -> 46.064516 | AE30: =IF(W30=0, DATEDIF(J30,Q30,"M")+DATEDIF(J30,Q30,"MD")/DAY(EOMONTH(J30,0)), DATEDIF(J30,S30,"M")+DATEDIF(J30,S30,"MD")/DAY(EOMONTH(J30,0))) -> 64.387097 | AF30: =IF(X30=0, DATEDIF(J30,P30,"M")+DATEDIF(J30,P30,"MD")/DAY(EOMONTH(J30,0)), DATEDIF(J30,T30,"M")+DATEDIF(J30,T30,"MD")/DAY(EOMONTH(J30,0))) -> 46.064516 | AG30: =IF(Y30=0, DATEDIF(J30,Q30,"M")+DATEDIF(J30,Q30,"MD")/DAY(EOMONTH(J30,0)), DATEDIF(J30,U30,"M")+DATEDIF(J30,U30,"MD")/DAY(EOMONTH(J30,0))) -> 64.387097 | AH30: =IF(V30=0, DATEDIF(M30,P30,"M")+DATEDIF(M30,P30,"MD")/DAY(EOMONTH(M30,0)), DATEDIF(M30,R30,"M")+DATEDIF(M30,R30,"MD")/DAY(EOMONTH(M30,0))) -> 45.129032 | AI30: =IF(W30=0, DATEDIF(M30,Q30,"M")+DATEDIF(M30,Q30,"MD")/DAY(EOMONTH(M30,0)), DATEDIF(M30,S30,"M")+DATEDIF(M30,S30,"MD")/DAY(EOMONTH(M30,0))) -> 63.451613 | AJ30: =IF(X30=0, DATEDIF(M30,P30,"M")+DATEDIF(M30,P30,"MD")/DAY(EOMONTH(M30,0)), DATEDIF(M30,T30,"M")+DATEDIF(M30,T30,"MD")/DAY(EOMONTH(M30,0))) -> 45.129032 | AK30: =IF(Y30=0, DATEDIF(M30,Q30,"M")+DATEDIF(M30,Q30,"MD")/DAY(EOMONTH(M30,0)), DATEDIF(M30,U30,"M")+DATEDIF(M30,U30,"MD")/DAY(EOMONTH(M30,0))) -> 63.451613 | AL30: =IF(MID(A30,FIND("_",A30)-1,1)="2", 2, 1) -> 2 | AM30: =IFERROR( CHOOSE( VALUE(MID(D30, FIND("-", D30) - 1, 1)), "University of Cincinnati", "Ohio State University", "Medical University of South Carolina", "University of Michigan", "University of Louisville", "MD Anderson" ), "Unknown" ) -> University of Michigan | AN30: 0 | AO30: 11 | AP30: =VLOOKUP(D30, METADATALOOKUP!$A:$AI, 7, FALSE) -> 45 | AQ30: =VLOOKUP(D30, METADATALOOKUP!$A:$AI, 8, FALSE) -> Male | AR30: =VLOOKUP(D30, METADATALOOKUP!$A:$AI, 9, FALSE) -> White | AS30: =VLOOKUP(D30, METADATALOOKUP!$A:$AI, 11, FALSE) -> Yes | AT30: =VLOOKUP(D30, METADATALOOKUP!$A:$AI, 10, FALSE) -> Non-Hispanic | AU30: =VLOOKUP(D30, METADATALOOKUP!$A:$AI, 12, FALSE) -> Yes | AV30: =VLOOKUP(D30, METADATALOOKUP!$A:$AI, 14, FALSE) -> cT4N2cM0 | AW30: =VLOOKUP(D30, METADATALOOKUP!$A:$AI, 6, FALSE) -> Intermediate | AX30: =VLOOKUP(D30, METADATALOOKUP!$A:$AI, 19, FALSE) -> Yes | AY30: =LOOKUP(D30, SURVLOOKUP!$A:$A, SURVLOOKUP!$P:$P) -> 1 | AZ30: 0 | BA30: =TEXT(VLOOKUP(D30, METADATALOOKUP!$A:$AI, 34, FALSE), "@") -> <10% | BB30: =IF(AZ30=0, "Non-Responder", "Responder") -> Non-Responder | BC30: 0.286 | BE30: 24 | BF30: 3.496503 | BG30: 46.5035 | BH30: 13.5 | BI30: 1.851852 | BJ30: UDI0231 | BK30: TGATCTAA | BL30: TTAACCTC
A31: Pilot2_34 | B31: =VLOOKUP(A31, IDSLOOKUP!C:E, 2, FALSE) -> Screen | C31: =VLOOKUP(D31, METADATALOOKUP!$A:$AI, 13, FALSE) -> Oral Cavity | D31: =VLOOKUP(A31, IDSLOOKUP!C:E, 3, FALSE) -> HN04-08 | E31: =VLOOKUP(A31,CFDNALOOKUP!AG:AI,2,FALSE) -> 44091 | F31: =VLOOKUP(A31,CFDNALOOKUP!AG:AI,3,FALSE) -> 44179 | G31: =VLOOKUP(D31, SURVLOOKUP!$A:$Q, 2, FALSE) -> 42887 | H31: =VLOOKUP(D31, SURVLOOKUP!$A:$Q, 3, FALSE) -> 43250 | I31: =VLOOKUP(D31, SURVLOOKUP!$A:$Q, 4, FALSE) -> 43257 | J31: =VLOOKUP(D31, SURVLOOKUP!$A:$Q, 5, FALSE) -> 43265 | K31: =VLOOKUP(D31, SURVLOOKUP!$A:$Q, 6, FALSE) -> 43313 | L31: =VLOOKUP(D31, SURVLOOKUP!$A:$Q, 7, FALSE) -> 43355 | M31: =VLOOKUP(D31, SURVLOOKUP!$A:$Q, 8, FALSE) -> 43306 | N31: =VLOOKUP(D31, SURVLOOKUP!$A:$Q, 9, FALSE) -> 43410 | O31: =VLOOKUP(D31, SURVLOOKUP!$A:$Q, 10, FALSE) -> NA | P31: =VLOOKUP(D31, OLDSURVLOOKUP!$A:$AA, 19, FALSE) -> 44306 | Q31: =VLOOKUP(D31, SURVLOOKUP!$A:$Q, 11, FALSE) -> 45237 | V31: =_xlfn.XLOOKUP(D31, OLDSURVLOOKUP!$A:$A, OLDSURVLOOKUP!V:V) -> 0 | W31: =VLOOKUP(D31, SURVLOOKUP!$A:$Q, 14, FALSE) -> 0 | X31: =_xlfn.XLOOKUP(D31, OLDSURVLOOKUP!$A:$A, OLDSURVLOOKUP!X:X) -> 0 | Y31: =VLOOKUP(D31, SURVLOOKUP!$A:$Q, 15, FALSE) -> 0 | Z31: =IF(V31=0, DATEDIF(I31,P31,"M")+DATEDIF(I31,P31,"MD")/DAY(EOMONTH(I31,0)), DATEDIF(I31,R31,"M")+DATEDIF(I31,R31,"MD")/DAY(EOMONTH(I31,0))) -> 34.466667 | AA31: =IF(W31=0, DATEDIF(I31,Q31,"M")+DATEDIF(I31,Q31,"MD")/DAY(EOMONTH(I31,0)), DATEDIF(I31,S31,"M")+DATEDIF(I31,S31,"MD")/DAY(EOMONTH(I31,0))) -> 65.033333 | AB31: =IF(X31=0, DATEDIF(I31,P31,"M")+DATEDIF(I31,P31,"MD")/DAY(EOMONTH(I31,0)), DATEDIF(I31,T31,"M")+DATEDIF(I31,T31,"MD")/DAY(EOMONTH(I31,0))) -> 34.466667 | AC31: =IF(Y31=0, DATEDIF(I31,Q31,"M")+DATEDIF(I31,Q31,"MD")/DAY(EOMONTH(I31,0)), DATEDIF(I31,U31,"M")+DATEDIF(I31,U31,"MD")/DAY(EOMONTH(I31,0))) -> 65.033333 | AD31: =IF(V31=0, DATEDIF(J31,P31,"M")+DATEDIF(J31,P31,"MD")/DAY(EOMONTH(J31,0)), DATEDIF(J31,R31,"M")+DATEDIF(J31,R31,"MD")/DAY(EOMONTH(J31,0))) -> 34.2 | AE31: =IF(W31=0, DATEDIF(J31,Q31,"M")+DATEDIF(J31,Q31,"MD")/DAY(EOMONTH(J31,0)), DATEDIF(J31,S31,"M")+DATEDIF(J31,S31,"MD")/DAY(EOMONTH(J31,0))) -> 64.8 | AF31: =IF(X31=0, DATEDIF(J31,P31,"M")+DATEDIF(J31,P31,"MD")/DAY(EOMONTH(J31,0)), DATEDIF(J31,T31,"M")+DATEDIF(J31,T31,"MD")/DAY(EOMONTH(J31,0))) -> 34.2 | AG31: =IF(Y31=0, DATEDIF(J31,Q31,"M")+DATEDIF(J31,Q31,"MD")/DAY(EOMONTH(J31,0)), DATEDIF(J31,U31,"M")+DATEDIF(J31,U31,"MD")/DAY(EOMONTH(J31,0))) -> 64.8 | AH31: =IF(V31=0, DATEDIF(M31,P31,"M")+DATEDIF(M31,P31,"MD")/DAY(EOMONTH(M31,0)), DATEDIF(M31,R31,"M")+DATEDIF(M31,R31,"MD")/DAY(EOMONTH(M31,0))) -> 32.83871 | AI31: =IF(W31=0, DATEDIF(M31,Q31,"M")+DATEDIF(M31,Q31,"MD")/DAY(EOMONTH(M31,0)), DATEDIF(M31,S31,"M")+DATEDIF(M31,S31,"MD")/DAY(EOMONTH(M31,0))) -> 63.419355 | AJ31: =IF(X31=0, DATEDIF(M31,P31,"M")+DATEDIF(M31,P31,"MD")/DAY(EOMONTH(M31,0)), DATEDIF(M31,T31,"M")+DATEDIF(M31,T31,"MD")/DAY(EOMONTH(M31,0))) -> 32.83871 | AK31: =IF(Y31=0, DATEDIF(M31,Q31,"M")+DATEDIF(M31,Q31,"MD")/DAY(EOMONTH(M31,0)), DATEDIF(M31,U31,"M")+DATEDIF(M31,U31,"MD")/DAY(EOMONTH(M31,0))) -> 63.419355 | AL31: =IF(MID(A31,FIND("_",A31)-1,1)="2", 2, 1) -> 2 | AM31: =IFERROR( CHOOSE( VALUE(MID(D31, FIND("-", D31) - 1, 1)), "University of Cincinnati", "Ohio State University", "Medical University of South Carolina", "University of Michigan", "University of Louisville", "MD Anderson" ), "Unknown" ) -> University of Michigan | AN31: 1 | AO31: 12 | AP31: =VLOOKUP(D31, METADATALOOKUP!$A:$AI, 7, FALSE) -> 61 | AQ31: =VLOOKUP(D31, METADATALOOKUP!$A:$AI, 8, FALSE) -> Male | AR31: =VLOOKUP(D31, METADATALOOKUP!$A:$AI, 9, FALSE) -> White | AS31: =VLOOKUP(D31, METADATALOOKUP!$A:$AI, 11, FALSE) -> No | AT31: =VLOOKUP(D31, METADATALOOKUP!$A:$AI, 10, FALSE) -> Non-Hispanic | AU31: =VLOOKUP(D31, METADATALOOKUP!$A:$AI, 12, FALSE) -> No | AV31: =VLOOKUP(D31, METADATALOOKUP!$A:$AI, 14, FALSE) -> T4aN2bM0 | AW31: =VLOOKUP(D31, METADATALOOKUP!$A:$AI, 6, FALSE) -> Intermediate | AX31: =VLOOKUP(D31, METADATALOOKUP!$A:$AI, 19, FALSE) -> No | AY31: =LOOKUP(D31, SURVLOOKUP!$A:$A, SURVLOOKUP!$P:$P) -> 0 | AZ31: 0 | BA31: =TEXT(VLOOKUP(D31, METADATALOOKUP!$A:$AI, 34, FALSE), "@") -> <10% | BB31: =IF(AZ31=0, "Non-Responder", "Responder") -> Non-Responder | BC31: 0.98 | BE31: 24 | BF31: 1.020408 | BG31: 48.97959 | BH31: 1.66 | BI31: 15.06024 | BJ31: UDI0245 | BK31: AGGTCAAG | BL31: CGCGTTAT
A32: Pilot2_35 | B32: =VLOOKUP(A32, IDSLOOKUP!C:E, 2, FALSE) -> Adj Wk 1 | C32: =VLOOKUP(D32, METADATALOOKUP!$A:$AI, 13, FALSE) -> Oral Cavity | D32: =VLOOKUP(A32, IDSLOOKUP!C:E, 3, FALSE) -> HN04-08 | E32: =VLOOKUP(A32,CFDNALOOKUP!AG:AI,2,FALSE) -> 44091 | F32: =VLOOKUP(A32,CFDNALOOKUP!AG:AI,3,FALSE) -> 44179 | G32: =VLOOKUP(D32, SURVLOOKUP!$A:$Q, 2, FALSE) -> 42887 | H32: =VLOOKUP(D32, SURVLOOKUP!$A:$Q, 3, FALSE) -> 43250 | I32: =VLOOKUP(D32, SURVLOOKUP!$A:$Q, 4, FALSE) -> 43257 | J32: =VLOOKUP(D32, SURVLOOKUP!$A:$Q, 5, FALSE) -> 43265 | K32: =VLOOKUP(D32, SURVLOOKUP!$A:$Q, 6, FALSE) -> 43313 | L32: =VLOOKUP(D32, SURVLOOKUP!$A:$Q, 7, FALSE) -> 43355 | M32: =VLOOKUP(D32, SURVLOOKUP!$A:$Q, 8, FALSE) -> 43306 | N32: =VLOOKUP(D32, SURVLOOKUP!$A:$Q, 9, FALSE) -> 43410 | O32: =VLOOKUP(D32, SURVLOOKUP!$A:$Q, 10, FALSE) -> NA | P32: =VLOOKUP(D32, OLDSURVLOOKUP!$A:$AA, 19, FALSE) -> 44306 | Q32: =VLOOKUP(D32, SURVLOOKUP!$A:$Q, 11, FALSE) -> 45237 | V32: =_xlfn.XLOOKUP(D32, OLDSURVLOOKUP!$A:$A, OLDSURVLOOKUP!V:V) -> 0 | W32: =VLOOKUP(D32, SURVLOOKUP!$A:$Q, 14, FALSE) -> 0 | X32: =_xlfn.XLOOKUP(D32, OLDSURVLOOKUP!$A:$A, OLDSURVLOOKUP!X:X) -> 0 | Y32: =VLOOKUP(D32, SURVLOOKUP!$A:$Q, 15, FALSE) -> 0 | Z32: =IF(V32=0, DATEDIF(I32,P32,"M")+DATEDIF(I32,P32,"MD")/DAY(EOMONTH(I32,0)), DATEDIF(I32,R32,"M")+DATEDIF(I32,R32,"MD")/DAY(EOMONTH(I32,0))) -> 34.466667 | AA32: =IF(W32=0, DATEDIF(I32,Q32,"M")+DATEDIF(I32,Q32,"MD")/DAY(EOMONTH(I32,0)), DATEDIF(I32,S32,"M")+DATEDIF(I32,S32,"MD")/DAY(EOMONTH(I32,0))) -> 65.033333 | AB32: =IF(X32=0, DATEDIF(I32,P32,"M")+DATEDIF(I32,P32,"MD")/DAY(EOMONTH(I32,0)), DATEDIF(I32,T32,"M")+DATEDIF(I32,T32,"MD")/DAY(EOMONTH(I32,0))) -> 34.466667 | AC32: =IF(Y32=0, DATEDIF(I32,Q32,"M")+DATEDIF(I32,Q32,"MD")/DAY(EOMONTH(I32,0)), DATEDIF(I32,U32,"M")+DATEDIF(I32,U32,"MD")/DAY(EOMONTH(I32,0))) -> 65.033333 | AD32: =IF(V32=0, DATEDIF(J32,P32,"M")+DATEDIF(J32,P32,"MD")/DAY(EOMONTH(J32,0)), DATEDIF(J32,R32,"M")+DATEDIF(J32,R32,"MD")/DAY(EOMONTH(J32,0))) -> 34.2 | AE32: =IF(W32=0, DATEDIF(J32,Q32,"M")+DATEDIF(J32,Q32,"MD")/DAY(EOMONTH(J32,0)), DATEDIF(J32,S32,"M")+DATEDIF(J32,S32,"MD")/DAY(EOMONTH(J32,0))) -> 64.8 | AF32: =IF(X32=0, DATEDIF(J32,P32,"M")+DATEDIF(J32,P32,"MD")/DAY(EOMONTH(J32,0)), DATEDIF(J32,T32,"M")+DATEDIF(J32,T32,"MD")/DAY(EOMONTH(J32,0))) -> 34.2 | AG32: =IF(Y32=0, DATEDIF(J32,Q32,"M")+DATEDIF(J32,Q32,"MD")/DAY(EOMONTH(J32,0)), DATEDIF(J32,U32,"M")+DATEDIF(J32,U32,"MD")/DAY(EOMONTH(J32,0))) -> 64.8 | AH32: =IF(V32=0, DATEDIF(M32,P32,"M")+DATEDIF(M32,P32,"MD")/DAY(EOMONTH(M32,0)), DATEDIF(M32,R32,"M")+DATEDIF(M32,R32,"MD")/DAY(EOMONTH(M32,0))) -> 32.83871 | AI32: =IF(W32=0, DATEDIF(M32,Q32,"M")+DATEDIF(M32,Q32,"MD")/DAY(EOMONTH(M32,0)), DATEDIF(M32,S32,"M")+DATEDIF(M32,S32,"MD")/DAY(EOMONTH(M32,0))) -> 63.419355 | AJ32: =IF(X32=0, DATEDIF(M32,P32,"M")+DATEDIF(M32,P32,"MD")/DAY(EOMONTH(M32,0)), DATEDIF(M32,T32,"M")+DATEDIF(M32,T32,"MD")/DAY(EOMONTH(M32,0))) -> 32.83871 | AK32: =IF(Y32=0, DATEDIF(M32,Q32,"M")+DATEDIF(M32,Q32,"MD")/DAY(EOMONTH(M32,0)), DATEDIF(M32,U32,"M")+DATEDIF(M32,U32,"MD")/DAY(EOMONTH(M32,0))) -> 63.419355 | AL32: =IF(MID(A32,FIND("_",A32)-1,1)="2", 2, 1) -> 2 | AM32: =IFERROR( CHOOSE( VALUE(MID(D32, FIND("-", D32) - 1, 1)), "University of Cincinnati", "Ohio State University", "Medical University of South Carolina", "University of Michigan", "University of Louisville", "MD Anderson" ), "Unknown" ) -> University of Michigan | AN32: 1 | AO32: 12 | AP32: =VLOOKUP(D32, METADATALOOKUP!$A:$AI, 7, FALSE) -> 61 | AQ32: =VLOOKUP(D32, METADATALOOKUP!$A:$AI, 8, FALSE) -> Male | AR32: =VLOOKUP(D32, METADATALOOKUP!$A:$AI, 9, FALSE) -> White | AS32: =VLOOKUP(D32, METADATALOOKUP!$A:$AI, 11, FALSE) -> No | AT32: =VLOOKUP(D32, METADATALOOKUP!$A:$AI, 10, FALSE) -> Non-Hispanic | AU32: =VLOOKUP(D32, METADATALOOKUP!$A:$AI, 12, FALSE) -> No | AV32: =VLOOKUP(D32, METADATALOOKUP!$A:$AI, 14, FALSE) -> T4aN2bM0 | AW32: =VLOOKUP(D32, METADATALOOKUP!$A:$AI, 6, FALSE) -> Intermediate | AX32: =VLOOKUP(D32, METADATALOOKUP!$A:$AI, 19, FALSE) -> No | AY32: =LOOKUP(D32, SURVLOOKUP!$A:$A, SURVLOOKUP!$P:$P) -> 0 | AZ32: 0 | BA32: =TEXT(VLOOKUP(D32, METADATALOOKUP!$A:$AI, 34, FALSE), "@") -> <10% | BB32: =IF(AZ32=0, "Non-Responder", "Responder") -> Non-Responder | BC32: 0.426 | BE32: 24 | BF32: 2.347418 | BG32: 12.4 | BH32: 12.4 | BI32: 2.016129 | BJ32: UDI0232 | BK32: AGCTATAT | BL32: CGTTAGGA
A33: Pilot2_36 | B33: =VLOOKUP(A33, IDSLOOKUP!C:E, 2, FALSE) -> Screen | C33: =VLOOKUP(D33, METADATALOOKUP!$A:$AI, 13, FALSE) -> Oral Cavity | D33: =VLOOKUP(A33, IDSLOOKUP!C:E, 3, FALSE) -> HN04-09 | E33: =VLOOKUP(A33,CFDNALOOKUP!AG:AI,2,FALSE) -> 44091 | F33: =VLOOKUP(A33,CFDNALOOKUP!AG:AI,3,FALSE) -> 44179 | G33: =VLOOKUP(D33, SURVLOOKUP!$A:$Q, 2, FALSE) -> 43322 | H33: =VLOOKUP(D33, SURVLOOKUP!$A:$Q, 3, FALSE) -> 43349 | I33: =VLOOKUP(D33, SURVLOOKUP!$A:$Q, 4, FALSE) -> 43354 | J33: =VLOOKUP(D33, SURVLOOKUP!$A:$Q, 5, FALSE) -> 43361 | K33: =VLOOKUP(D33, SURVLOOKUP!$A:$Q, 6, FALSE) -> 43416 | L33: =VLOOKUP(D33, SURVLOOKUP!$A:$Q, 7, FALSE) -> 43458 | M33: =VLOOKUP(D33, SURVLOOKUP!$A:$Q, 8, FALSE) -> 43409 | N33: =VLOOKUP(D33, SURVLOOKUP!$A:$Q, 9, FALSE) -> 43514 | O33: =VLOOKUP(D33, SURVLOOKUP!$A:$Q, 10, FALSE) -> NA | P33: =VLOOKUP(D33, OLDSURVLOOKUP!$A:$AA, 19, FALSE) -> 44292 | Q33: =VLOOKUP(D33, SURVLOOKUP!$A:$Q, 11, FALSE) -> 44754 | V33: =_xlfn.XLOOKUP(D33, OLDSURVLOOKUP!$A:$A, OLDSURVLOOKUP!V:V) -> 0 | W33: =VLOOKUP(D33, SURVLOOKUP!$A:$Q, 14, FALSE) -> 0 | X33: =_xlfn.XLOOKUP(D33, OLDSURVLOOKUP!$A:$A, OLDSURVLOOKUP!X:X) -> 0 | Y33: =VLOOKUP(D33, SURVLOOKUP!$A:$Q, 15, FALSE) -> 0 | Z33: =IF(V33=0, DATEDIF(I33,P33,"M")+DATEDIF(I33,P33,"MD")/DAY(EOMONTH(I33,0)), DATEDIF(I33,R33,"M")+DATEDIF(I33,R33,"MD")/DAY(EOMONTH(I33,0))) -> 30.866667 | AA33: =IF(W33=0, DATEDIF(I33,Q33,"M")+DATEDIF(I33,Q33,"MD")/DAY(EOMONTH(I33,0)), DATEDIF(I33,S33,"M")+DATEDIF(I33,S33,"MD")/DAY(EOMONTH(I33,0))) -> 46.033333 | AB33: =IF(X33=0, DATEDIF(I33,P33,"M")+DATEDIF(I33,P33,"MD")/DAY(EOMONTH(I33,0)), DATEDIF(I33,T33,"M")+DATEDIF(I33,T33,"MD")/DAY(EOMONTH(I33,0))) -> 30.866667 | AC33: =IF(Y33=0, DATEDIF(I33,Q33,"M")+DATEDIF(I33,Q33,"MD")/DAY(EOMONTH(I33,0)), DATEDIF(I33,U33,"M")+DATEDIF(I33,U33,"MD")/DAY(EOMONTH(I33,0))) -> 46.033333 | AD33: =IF(V33=0, DATEDIF(J33,P33,"M")+DATEDIF(J33,P33,"MD")/DAY(EOMONTH(J33,0)), DATEDIF(J33,R33,"M")+DATEDIF(J33,R33,"MD")/DAY(EOMONTH(J33,0))) -> 30.633333 | AE33: =IF(W33=0, DATEDIF(J33,Q33,"M")+DATEDIF(J33,Q33,"MD")/DAY(EOMONTH(J33,0)), DATEDIF(J33,S33,"M")+DATEDIF(J33,S33,"MD")/DAY(EOMONTH(J33,0))) -> 45.8 | AF33: =IF(X33=0, DATEDIF(J33,P33,"M")+DATEDIF(J33,P33,"MD")/DAY(EOMONTH(J33,0)), DATEDIF(J33,T33,"M")+DATEDIF(J33,T33,"MD")/DAY(EOMONTH(J33,0))) -> 30.633333 | AG33: =IF(Y33=0, DATEDIF(J33,Q33,"M")+DATEDIF(J33,Q33,"MD")/DAY(EOMONTH(J33,0)), DATEDIF(J33,U33,"M")+DATEDIF(J33,U33,"MD")/DAY(EOMONTH(J33,0))) -> 45.8 | AH33: =IF(V33=0, DATEDIF(M33,P33,"M")+DATEDIF(M33,P33,"MD")/DAY(EOMONTH(M33,0)), DATEDIF(M33,R33,"M")+DATEDIF(M33,R33,"MD")/DAY(EOMONTH(M33,0))) -> 29.033333 | AI33: =IF(W33=0, DATEDIF(M33,Q33,"M")+DATEDIF(M33,Q33,"MD")/DAY(EOMONTH(M33,0)), DATEDIF(M33,S33,"M")+DATEDIF(M33,S33,"MD")/DAY(EOMONTH(M33,0))) -> 44.233333 | AJ33: =IF(X33=0, DATEDIF(M33,P33,"M")+DATEDIF(M33,P33,"MD")/DAY(EOMONTH(M33,0)), DATEDIF(M33,T33,"M")+DATEDIF(M33,T33,"MD")/DAY(EOMONTH(M33,0))) -> 29.033333 | AK33: =IF(Y33=0, DATEDIF(M33,Q33,"M")+DATEDIF(M33,Q33,"MD")/DAY(EOMONTH(M33,0)), DATEDIF(M33,U33,"M")+DATEDIF(M33,U33,"MD")/DAY(EOMONTH(M33,0))) -> 44.233333 | AL33: =IF(MID(A33,FIND("_",A33)-1,1)="2", 2, 1) -> 2 | AM33: =IFERROR( CHOOSE( VALUE(MID(D33, FIND("-", D33) - 1, 1)), "University of Cincinnati", "Ohio State University", "Medical University of South Carolina", "University of Michigan", "University of Louisville", "MD Anderson" ), "Unknown" ) -> University of Michigan | AN33: 0 | AO33: 13 | AP33: =VLOOKUP(D33, METADATALOOKUP!$A:$AI, 7, FALSE) -> 60 | AQ33: =VLOOKUP(D33, METADATALOOKUP!$A:$AI, 8, FALSE) -> Male | AR33: =VLOOKUP(D33, METADATALOOKUP!$A:$AI, 9, FALSE) -> White | AS33: =VLOOKUP(D33, METADATALOOKUP!$A:$AI, 11, FALSE) -> No | AT33: =VLOOKUP(D33, METADATALOOKUP!$A:$AI, 10, FALSE) -> Non-Hispanic | AU33: =VLOOKUP(D33, METADATALOOKUP!$A:$AI, 12, FALSE) -> No | AV33: =VLOOKUP(D33, METADATALOOKUP!$A:$AI, 14, FALSE) -> T3N0M0 | AW33: =VLOOKUP(D33, METADATALOOKUP!$A:$AI, 6, FALSE) -> Intermediate | AX33: =VLOOKUP(D33, METADATALOOKUP!$A:$AI, 19, FALSE) -> No | AY33: =LOOKUP(D33, SURVLOOKUP!$A:$A, SURVLOOKUP!$P:$P) -> 1 | AZ33: 2 | BA33: =TEXT(VLOOKUP(D33, METADATALOOKUP!$A:$AI, 34, FALSE), "@") -> 0.2 | BB33: =IF(AZ33=0, "Non-Responder", "Responder") -> Responder | BC33: 3.12 | BE33: 24 | BF33: 0.320513 | BG33: 49.67949 | BH33: 9.6 | BI33: 2.604167 | BJ33: UDI0223 | BK33: AGCGCTCG | BL33: CGGCTTGT
A34: Pilot2_37 | B34: =VLOOKUP(A34, IDSLOOKUP!C:E, 2, FALSE) -> Day 0 | C34: =VLOOKUP(D34, METADATALOOKUP!$A:$AI, 13, FALSE) -> Oral Cavity | D34: =VLOOKUP(A34, IDSLOOKUP!C:E, 3, FALSE) -> HN04-09 | E34: =VLOOKUP(A34,CFDNALOOKUP!AG:AI,2,FALSE) -> 44091 | F34: =VLOOKUP(A34,CFDNALOOKUP!AG:AI,3,FALSE) -> 44180 | G34: =VLOOKUP(D34, SURVLOOKUP!$A:$Q, 2, FALSE) -> 43322 | H34: =VLOOKUP(D34, SURVLOOKUP!$A:$Q, 3, FALSE) -> 43349 | I34: =VLOOKUP(D34, SURVLOOKUP!$A:$Q, 4, FALSE) -> 43354 | J34: =VLOOKUP(D34, SURVLOOKUP!$A:$Q, 5, FALSE) -> 43361 | K34: =VLOOKUP(D34, SURVLOOKUP!$A:$Q, 6, FALSE) -> 43416 | L34: =VLOOKUP(D34, SURVLOOKUP!$A:$Q, 7, FALSE) -> 43458 | M34: =VLOOKUP(D34, SURVLOOKUP!$A:$Q, 8, FALSE) -> 43409 | N34: =VLOOKUP(D34, SURVLOOKUP!$A:$Q, 9, FALSE) -> 43514 | O34: =VLOOKUP(D34, SURVLOOKUP!$A:$Q, 10, FALSE) -> NA | P34: =VLOOKUP(D34, OLDSURVLOOKUP!$A:$AA, 19, FALSE) -> 44292 | Q34: =VLOOKUP(D34, SURVLOOKUP!$A:$Q, 11, FALSE) -> 44754 | V34: =_xlfn.XLOOKUP(D34, OLDSURVLOOKUP!$A:$A, OLDSURVLOOKUP!V:V) -> 0 | W34: =VLOOKUP(D34, SURVLOOKUP!$A:$Q, 14, FALSE) -> 0 | X34: =_xlfn.XLOOKUP(D34, OLDSURVLOOKUP!$A:$A, OLDSURVLOOKUP!X:X) -> 0 | Y34: =VLOOKUP(D34, SURVLOOKUP!$A:$Q, 15, FALSE) -> 0 | Z34: =IF(V34=0, DATEDIF(I34,P34,"M")+DATEDIF(I34,P34,"MD")/DAY(EOMONTH(I34,0)), DATEDIF(I34,R34,"M")+DATEDIF(I34,R34,"MD")/DAY(EOMONTH(I34,0))) -> 30.866667 | AA34: =IF(W34=0, DATEDIF(I34,Q34,"M")+DATEDIF(I34,Q34,"MD")/DAY(EOMONTH(I34,0)), DATEDIF(I34,S34,"M")+DATEDIF(I34,S34,"MD")/DAY(EOMONTH(I34,0))) -> 46.033333 | AB34: =IF(X34=0, DATEDIF(I34,P34,"M")+DATEDIF(I34,P34,"MD")/DAY(EOMONTH(I34,0)), DATEDIF(I34,T34,"M")+DATEDIF(I34,T34,"MD")/DAY(EOMONTH(I34,0))) -> 30.866667 | AC34: =IF(Y34=0, DATEDIF(I34,Q34,"M")+DATEDIF(I34,Q34,"MD")/DAY(EOMONTH(I34,0)), DATEDIF(I34,U34,"M")+DATEDIF(I34,U34,"MD")/DAY(EOMONTH(I34,0))) -> 46.033333 | AD34: =IF(V34=0, DATEDIF(J34,P34,"M")+DATEDIF(J34,P34,"MD")/DAY(EOMONTH(J34,0)), DATEDIF(J34,R34,"M")+DATEDIF(J34,R34,"MD")/DAY(EOMONTH(J34,0))) -> 30.633333 | AE34: =IF(W34=0, DATEDIF(J34,Q34,"M")+DATEDIF(J34,Q34,"MD")/DAY(EOMONTH(J34,0)), DATEDIF(J34,S34,"M")+DATEDIF(J34,S34,"MD")/DAY(EOMONTH(J34,0))) -> 45.8 | AF34: =IF(X34=0, DATEDIF(J34,P34,"M")+DATEDIF(J34,P34,"MD")/DAY(EOMONTH(J34,0)), DATEDIF(J34,T34,"M")+DATEDIF(J34,T34,"MD")/DAY(EOMONTH(J34,0))) -> 30.633333 | AG34: =IF(Y34=0, DATEDIF(J34,Q34,"M")+DATEDIF(J34,Q34,"MD")/DAY(EOMONTH(J34,0)), DATEDIF(J34,U34,"M")+DATEDIF(J34,U34,"MD")/DAY(EOMONTH(J34,0))) -> 45.8 | AH34: =IF(V34=0, DATEDIF(M34,P34,"M")+DATEDIF(M34,P34,"MD")/DAY(EOMONTH(M34,0)), DATEDIF(M34,R34,"M")+DATEDIF(M34,R34,"MD")/DAY(EOMONTH(M34,0))) -> 29.033333 | AI34: =IF(W34=0, DATEDIF(M34,Q34,"M")+DATEDIF(M34,Q34,"MD")/DAY(EOMONTH(M34,0)), DATEDIF(M34,S34,"M")+DATEDIF(M34,S34,"MD")/DAY(EOMONTH(M34,0))) -> 44.233333 | AJ34: =IF(X34=0, DATEDIF(M34,P34,"M")+DATEDIF(M34,P34,"MD")/DAY(EOMONTH(M34,0)), DATEDIF(M34,T34,"M")+DATEDIF(M34,T34,"MD")/DAY(EOMONTH(M34,0))) -> 29.033333 | AK34: =IF(Y34=0, DATEDIF(M34,Q34,"M")+DATEDIF(M34,Q34,"MD")/DAY(EOMONTH(M34,0)), DATEDIF(M34,U34,"M")+DATEDIF(M34,U34,"MD")/DAY(EOMONTH(M34,0))) -> 44.233333 | AL34: =IF(MID(A34,FIND("_",A34)-1,1)="2", 2, 1) -> 2 | AM34: =IFERROR( CHOOSE( VALUE(MID(D34, FIND("-", D34) - 1, 1)), "University of Cincinnati", "Ohio State University", "Medical University of South Carolina", "University of Michigan", "University of Louisville", "MD Anderson" ), "Unknown" ) -> University of Michigan | AN34: 0 | AO34: 13 | AP34: =VLOOKUP(D34, METADATALOOKUP!$A:$AI, 7, FALSE) -> 60 | AQ34: =VLOOKUP(D34, METADATALOOKUP!$A:$AI, 8, FALSE) -> Male | AR34: =VLOOKUP(D34, METADATALOOKUP!$A:$AI, 9, FALSE) -> White | AS34: =VLOOKUP(D34, METADATALOOKUP!$A:$AI, 11, FALSE) -> No | AT34: =VLOOKUP(D34, METADATALOOKUP!$A:$AI, 10, FALSE) -> Non-Hispanic | AU34: =VLOOKUP(D34, METADATALOOKUP!$A:$AI, 12, FALSE) -> No | AV34: =VLOOKUP(D34, METADATALOOKUP!$A:$AI, 14, FALSE) -> T3N0M0 | AW34: =VLOOKUP(D34, METADATALOOKUP!$A:$AI, 6, FALSE) -> Intermediate | AX34: =VLOOKUP(D34, METADATALOOKUP!$A:$AI, 19, FALSE) -> No | AY34: =LOOKUP(D34, SURVLOOKUP!$A:$A, SURVLOOKUP!$P:$P) -> 1 | AZ34: 2 | BA34: =TEXT(VLOOKUP(D34, METADATALOOKUP!$A:$AI, 34, FALSE), "@") -> 0.2 | BB34: =IF(AZ34=0, "Non-Responder", "Responder") -> Responder | BC34: 0.17 | BE34: 24 | BF34: 5.882353 | BG34: 44.11765 | BH34: 10.8 | BI34: 2.314815 | BJ34: UDI0218 | BK34: TATTGTCG | BL34: TTCAATTC
A35: Pilot2_38 | B35: =VLOOKUP(A35, IDSLOOKUP!C:E, 2, FALSE) -> Adj Wk 1 | C35: =VLOOKUP(D35, METADATALOOKUP!$A:$AI, 13, FALSE) -> Oral Cavity | D35: =VLOOKUP(A35, IDSLOOKUP!C:E, 3, FALSE) -> HN04-09 | E35: =VLOOKUP(A35,CFDNALOOKUP!AG:AI,2,FALSE) -> 44091 | F35: =VLOOKUP(A35,CFDNALOOKUP!AG:AI,3,FALSE) -> 44180 | G35: =VLOOKUP(D35, SURVLOOKUP!$A:$Q, 2, FALSE) -> 43322 | H35: =VLOOKUP(D35, SURVLOOKUP!$A:$Q, 3, FALSE) -> 43349 | I35: =VLOOKUP(D35, SURVLOOKUP!$A:$Q, 4, FALSE) -> 43354 | J35: =VLOOKUP(D35, SURVLOOKUP!$A:$Q, 5, FALSE) -> 43361 | K35: =VLOOKUP(D35, SURVLOOKUP!$A:$Q, 6, FALSE) -> 43416 | L35: =VLOOKUP(D35, SURVLOOKUP!$A:$Q, 7, FALSE) -> 43458 | M35: =VLOOKUP(D35, SURVLOOKUP!$A:$Q, 8, FALSE) -> 43409 | N35: =VLOOKUP(D35, SURVLOOKUP!$A:$Q, 9, FALSE) -> 43514 | O35: =VLOOKUP(D35, SURVLOOKUP!$A:$Q, 10, FALSE) -> NA | P35: =VLOOKUP(D35, OLDSURVLOOKUP!$A:$AA, 19, FALSE) -> 44292 | Q35: =VLOOKUP(D35, SURVLOOKUP!$A:$Q, 11, FALSE) -> 44754 | V35: =_xlfn.XLOOKUP(D35, OLDSURVLOOKUP!$A:$A, OLDSURVLOOKUP!V:V) -> 0 | W35: =VLOOKUP(D35, SURVLOOKUP!$A:$Q, 14, FALSE) -> 0 | X35: =_xlfn.XLOOKUP(D35, OLDSURVLOOKUP!$A:$A, OLDSURVLOOKUP!X:X) -> 0 | Y35: =VLOOKUP(D35, SURVLOOKUP!$A:$Q, 15, FALSE) -> 0 | Z35: =IF(V35=0, DATEDIF(I35,P35,"M")+DATEDIF(I35,P35,"MD")/DAY(EOMONTH(I35,0)), DATEDIF(I35,R35,"M")+DATEDIF(I35,R35,"MD")/DAY(EOMONTH(I35,0))) -> 30.866667 | AA35: =IF(W35=0, DATEDIF(I35,Q35,"M")+DATEDIF(I35,Q35,"MD")/DAY(EOMONTH(I35,0)), DATEDIF(I35,S35,"M")+DATEDIF(I35,S35,"MD")/DAY(EOMONTH(I35,0))) -> 46.033333 | AB35: =IF(X35=0, DATEDIF(I35,P35,"M")+DATEDIF(I35,P35,"MD")/DAY(EOMONTH(I35,0)), DATEDIF(I35,T35,"M")+DATEDIF(I35,T35,"MD")/DAY(EOMONTH(I35,0))) -> 30.866667 | AC35: =IF(Y35=0, DATEDIF(I35,Q35,"M")+DATEDIF(I35,Q35,"MD")/DAY(EOMONTH(I35,0)), DATEDIF(I35,U35,"M")+DATEDIF(I35,U35,"MD")/DAY(EOMONTH(I35,0))) -> 46.033333 | AD35: =IF(V35=0, DATEDIF(J35,P35,"M")+DATEDIF(J35,P35,"MD")/DAY(EOMONTH(J35,0)), DATEDIF(J35,R35,"M")+DATEDIF(J35,R35,"MD")/DAY(EOMONTH(J35,0))) -> 30.633333 | AE35: =IF(W35=0, DATEDIF(J35,Q35,"M")+DATEDIF(J35,Q35,"MD")/DAY(EOMONTH(J35,0)), DATEDIF(J35,S35,"M")+DATEDIF(J35,S35,"MD")/DAY(EOMONTH(J35,0))) -> 45.8 | AF35: =IF(X35=0, DATEDIF(J35,P35,"M")+DATEDIF(J35,P35,"MD")/DAY(EOMONTH(J35,0)), DATEDIF(J35,T35,"M")+DATEDIF(J35,T35,"MD")/DAY(EOMONTH(J35,0))) -> 30.633333 | AG35: =IF(Y35=0, DATEDIF(J35,Q35,"M")+DATEDIF(J35,Q35,"MD")/DAY(EOMONTH(J35,0)), DATEDIF(J35,U35,"M")+DATEDIF(J35,U35,"MD")/DAY(EOMONTH(J35,0))) -> 45.8 | AH35: =IF(V35=0, DATEDIF(M35,P35,"M")+DATEDIF(M35,P35,"MD")/DAY(EOMONTH(M35,0)), DATEDIF(M35,R35,"M")+DATEDIF(M35,R35,"MD")/DAY(EOMONTH(M35,0))) -> 29.033333 | AI35: =IF(W35=0, DATEDIF(M35,Q35,"M")+DATEDIF(M35,Q35,"MD")/DAY(EOMONTH(M35,0)), DATEDIF(M35,S35,"M")+DATEDIF(M35,S35,"MD")/DAY(EOMONTH(M35,0))) -> 44.233333 | AJ35: =IF(X35=0, DATEDIF(M35,P35,"M")+DATEDIF(M35,P35,"MD")/DAY(EOMONTH(M35,0)), DATEDIF(M35,T35,"M")+DATEDIF(M35,T35,"MD")/DAY(EOMONTH(M35,0))) -> 29.033333 | AK35: =IF(Y35=0, DATEDIF(M35,Q35,"M")+DATEDIF(M35,Q35,"MD")/DAY(EOMONTH(M35,0)), DATEDIF(M35,U35,"M")+DATEDIF(M35,U35,"MD")/DAY(EOMONTH(M35,0))) -> 44.233333 | AL35: =IF(MID(A35,FIND("_",A35)-1,1)="2", 2, 1) -> 2 | AM35: =IFERROR( CHOOSE( VALUE(MID(D35, FIND("-", D35) - 1, 1)), "University of Cincinnati", "Ohio State University", "Medical University of South Carolina", "University of Michigan", "University of Louisville", "MD Anderson" ), "Unknown" ) -> University of Michigan | AN35: 0 | AO35: 13 | AP35: =VLOOKUP(D35, METADATALOOKUP!$A:$AI, 7, FALSE) -> 60 | AQ35: =VLOOKUP(D35, METADATALOOKUP!$A:$AI, 8, FALSE) -> Male | AR35: =VLOOKUP(D35, METADATALOOKUP!$A:$AI, 9, FALSE) -> White | AS35: =VLOOKUP(D35, METADATALOOKUP!$A:$AI, 11, FALSE) -> No | AT35: =VLOOKUP(D35, METADATALOOKUP!$A:$AI, 10, FALSE) -> Non-Hispanic | AU35: =VLOOKUP(D35, METADATALOOKUP!$A:$AI, 12, FALSE) -> No | AV35: =VLOOKUP(D35, METADATALOOKUP!$A:$AI, 14, FALSE) -> T3N0M0 | AW35: =VLOOKUP(D35, METADATALOOKUP!$A:$AI, 6, FALSE) -> Intermediate | AX35: =VLOOKUP(D35, METADATALOOKUP!$A:$AI, 19, FALSE) -> No | AY35: =LOOKUP(D35, SURVLOOKUP!$A:$A, SURVLOOKUP!$P:$P) -> 1 | AZ35: 2 | BA35: =TEXT(VLOOKUP(D35, METADATALOOKUP!$A:$AI, 34, FALSE), "@") -> 0.2 | BB35: =IF(AZ35=0, "Non-Responder", "Responder") -> Responder | BC35: 0.576 | BE35: 24 | BF35: 1.736111 | BG35: 48.26389 | BH35: 6.56 | BI35: 3.810976 | BJ35: UDI0220 | BK35: TATGGTTC | BL35: CACCGGTA
A36: Pilot2_39 | B36: =VLOOKUP(A36, IDSLOOKUP!C:E, 2, FALSE) -> Screen | C36: =VLOOKUP(D36, METADATALOOKUP!$A:$AI, 13, FALSE) -> Larynx | D36: =VLOOKUP(A36, IDSLOOKUP!C:E, 3, FALSE) -> HN04-10 | E36: =VLOOKUP(A36,CFDNALOOKUP!AG:AI,2,FALSE) -> 44091 | F36: =VLOOKUP(A36,CFDNALOOKUP!AG:AI,3,FALSE) -> 44180 | G36: =VLOOKUP(D36, SURVLOOKUP!$A:$Q, 2, FALSE) -> 43371 | H36: =VLOOKUP(D36, SURVLOOKUP!$A:$Q, 3, FALSE) -> 43404 | I36: =VLOOKUP(D36, SURVLOOKUP!$A:$Q, 4, FALSE) -> 43406 | J36: =VLOOKUP(D36, SURVLOOKUP!$A:$Q, 5, FALSE) -> 43413 | K36: =VLOOKUP(D36, SURVLOOKUP!$A:$Q, 6, FALSE) -> 43475 | L36: =VLOOKUP(D36, SURVLOOKUP!$A:$Q, 7, FALSE) -> 43516 | M36: =VLOOKUP(D36, SURVLOOKUP!$A:$Q, 8, FALSE) -> 43467 | N36: =VLOOKUP(D36, SURVLOOKUP!$A:$Q, 9, FALSE) -> 43580 | O36: =VLOOKUP(D36, SURVLOOKUP!$A:$Q, 10, FALSE) -> NA | P36: =VLOOKUP(D36, OLDSURVLOOKUP!$A:$AA, 19, FALSE) -> 44323 | Q36: =VLOOKUP(D36, SURVLOOKUP!$A:$Q, 11, FALSE) -> 45251 | U36: =VLOOKUP(D36, SURVLOOKUP!$A:$Q, 13, FALSE) -> 45252 | V36: =_xlfn.XLOOKUP(D36, OLDSURVLOOKUP!$A:$A, OLDSURVLOOKUP!V:V) -> 0 | W36: =VLOOKUP(D36, SURVLOOKUP!$A:$Q, 14, FALSE) -> 1 | X36: =_xlfn.XLOOKUP(D36, OLDSURVLOOKUP!$A:$A, OLDSURVLOOKUP!X:X) -> 0 | Y36: =VLOOKUP(D36, SURVLOOKUP!$A:$Q, 15, FALSE) -> 1 | Z36: =IF(V36=0, DATEDIF(I36,P36,"M")+DATEDIF(I36,P36,"MD")/DAY(EOMONTH(I36,0)), DATEDIF(I36,R36,"M")+DATEDIF(I36,R36,"MD")/DAY(EOMONTH(I36,0))) -> 30.166667 | AA36: 60.666667 | AB36: =IF(X36=0, DATEDIF(I36,P36,"M")+DATEDIF(I36,P36,"MD")/DAY(EOMONTH(I36,0)), DATEDIF(I36,T36,"M")+DATEDIF(I36,T36,"MD")/DAY(EOMONTH(I36,0))) -> 30.166667 | AC36: =IF(Y36=0, DATEDIF(I36,Q36,"M")+DATEDIF(I36,Q36,"MD")/DAY(EOMONTH(I36,0)), DATEDIF(I36,U36,"M")+DATEDIF(I36,U36,"MD")/DAY(EOMONTH(I36,0))) -> 60.666667 | AD36: =IF(V36=0, DATEDIF(J36,P36,"M")+DATEDIF(J36,P36,"MD")/DAY(EOMONTH(J36,0)), DATEDIF(J36,R36,"M")+DATEDIF(J36,R36,"MD")/DAY(EOMONTH(J36,0))) -> 29.933333 | AE36: 60.433333 | AF36: =IF(X36=0, DATEDIF(J36,P36,"M")+DATEDIF(J36,P36,"MD")/DAY(EOMONTH(J36,0)), DATEDIF(J36,T36,"M")+DATEDIF(J36,T36,"MD")/DAY(EOMONTH(J36,0))) -> 29.933333 | AG36: =IF(Y36=0, DATEDIF(J36,Q36,"M")+DATEDIF(J36,Q36,"MD")/DAY(EOMONTH(J36,0)), DATEDIF(J36,U36,"M")+DATEDIF(J36,U36,"MD")/DAY(EOMONTH(J36,0))) -> 60.433333 | AH36: =IF(V36=0, DATEDIF(M36,P36,"M")+DATEDIF(M36,P36,"MD")/DAY(EOMONTH(M36,0)), DATEDIF(M36,R36,"M")+DATEDIF(M36,R36,"MD")/DAY(EOMONTH(M36,0))) -> 28.16129 | AI36: 58.645161 | AJ36: =IF(X36=0, DATEDIF(M36,P36,"M")+DATEDIF(M36,P36,"MD")/DAY(EOMONTH(M36,0)), DATEDIF(M36,T36,"M")+DATEDIF(M36,T36,"MD")/DAY(EOMONTH(M36,0))) -> 28.16129 | AK36: =IF(Y36=0, DATEDIF(M36,Q36,"M")+DATEDIF(M36,Q36,"MD")/DAY(EOMONTH(M36,0)), DATEDIF(M36,U36,"M")+DATEDIF(M36,U36,"MD")/DAY(EOMONTH(M36,0))) -> 58.645161 | AL36: =IF(MID(A36,FIND("_",A36)-1,1)="2", 2, 1) -> 2 | AM36: =IFERROR( CHOOSE( VALUE(MID(D36, FIND("-", D36) - 1, 1)), "University of Cincinnati", "Ohio State University", "Medical University of South Carolina", "University of Michigan", "University of Louisville", "MD Anderson" ), "Unknown" ) -> University of Michigan | AN36: 0 | AO36: 14 | AP36: =VLOOKUP(D36, METADATALOOKUP!$A:$AI, 7, FALSE) -> 62 | AQ36: =VLOOKUP(D36, METADATALOOKUP!$A:$AI, 8, FALSE) -> Male | AR36: =VLOOKUP(D36, METADATALOOKUP!$A:$AI, 9, FALSE) -> White | AS36: =VLOOKUP(D36, METADATALOOKUP!$A:$AI, 11, FALSE) -> Yes | AT36: =VLOOKUP(D36, METADATALOOKUP!$A:$AI, 10, FALSE) -> Non-Hispanic | AU36: =VLOOKUP(D36, METADATALOOKUP!$A:$AI, 12, FALSE) -> No | AV36: =VLOOKUP(D36, METADATALOOKUP!$A:$AI, 14, FALSE) -> T4N2cM0 | AW36: =VLOOKUP(D36, METADATALOOKUP!$A:$AI, 6, FALSE) -> Intermediate | AX36: =VLOOKUP(D36, METADATALOOKUP!$A:$AI, 19, FALSE) -> No | AY36: =LOOKUP(D36, SURVLOOKUP!$A:$A, SURVLOOKUP!$P:$P) -> 0 | AZ36: 5 | BA36: =TEXT(VLOOKUP(D36, METADATALOOKUP!$A:$AI, 34, FALSE), "@") -> 0.5 | BB36: =IF(AZ36=0, "Non-Responder", "Responder") -> Responder | BC36: 0.848 | BE36: 24 | BF36: 1.179245 | BG36: 48.82075 | BH36: 12.5 | BI36: 2 | BJ36: UDI0197 | BK36: TTGATAAT | BL36: GTGACCAT
A37: Pilot2_40 | B37: =VLOOKUP(A37, IDSLOOKUP!C:E, 2, FALSE) -> Day 0 | C37: =VLOOKUP(D37, METADATALOOKUP!$A:$AI, 13, FALSE) -> Larynx | D37: =VLOOKUP(A37, IDSLOOKUP!C:E, 3, FALSE) -> HN04-10 | E37: =VLOOKUP(A37,CFDNALOOKUP!AG:AI,2,FALSE) -> 44091 | F37: =VLOOKUP(A37,CFDNALOOKUP!AG:AI,3,FALSE) -> 44179 | G37: =VLOOKUP(D37, SURVLOOKUP!$A:$Q, 2, FALSE) -> 43371 | H37: =VLOOKUP(D37, SURVLOOKUP!$A:$Q, 3, FALSE) -> 43404 | I37: =VLOOKUP(D37, SURVLOOKUP!$A:$Q, 4, FALSE) -> 43406 | J37: =VLOOKUP(D37, SURVLOOKUP!$A:$Q, 5, FALSE) -> 43413 | K37: =VLOOKUP(D37, SURVLOOKUP!$A:$Q, 6, FALSE) -> 43475 | L37: =VLOOKUP(D37, SURVLOOKUP!$A:$Q, 7, FALSE) -> 43516 | M37: =VLOOKUP(D37, SURVLOOKUP!$A:$Q, 8, FALSE) -> 43467 | N37: =VLOOKUP(D37, SURVLOOKUP!$A:$Q, 9, FALSE) -> 43580 | O37: =VLOOKUP(D37, SURVLOOKUP!$A:$Q, 10, FALSE) -> NA | P37: =VLOOKUP(D37, OLDSURVLOOKUP!$A:$AA, 19, FALSE) -> 44323 | Q37: =VLOOKUP(D37, SURVLOOKUP!$A:$Q, 11, FALSE) -> 45251 | U37: =VLOOKUP(D37, SURVLOOKUP!$A:$Q, 13, FALSE) -> 45252 | V37: =_xlfn.XLOOKUP(D37, OLDSURVLOOKUP!$A:$A, OLDSURVLOOKUP!V:V) -> 0 | W37: =VLOOKUP(D37, SURVLOOKUP!$A:$Q, 14, FALSE) -> 1 | X37: =_xlfn.XLOOKUP(D37, OLDSURVLOOKUP!$A:$A, OLDSURVLOOKUP!X:X) -> 0 | Y37: =VLOOKUP(D37, SURVLOOKUP!$A:$Q, 15, FALSE) -> 1 | Z37: =IF(V37=0, DATEDIF(I37,P37,"M")+DATEDIF(I37,P37,"MD")/DAY(EOMONTH(I37,0)), DATEDIF(I37,R37,"M")+DATEDIF(I37,R37,"MD")/DAY(EOMONTH(I37,0))) -> 30.166667 | AA37: 60.666667 | AB37: =IF(X37=0, DATEDIF(I37,P37,"M")+DATEDIF(I37,P37,"MD")/DAY(EOMONTH(I37,0)), DATEDIF(I37,T37,"M")+DATEDIF(I37,T37,"MD")/DAY(EOMONTH(I37,0))) -> 30.166667 | AC37: =IF(Y37=0, DATEDIF(I37,Q37,"M")+DATEDIF(I37,Q37,"MD")/DAY(EOMONTH(I37,0)), DATEDIF(I37,U37,"M")+DATEDIF(I37,U37,"MD")/DAY(EOMONTH(I37,0))) -> 60.666667 | AD37: =IF(V37=0, DATEDIF(J37,P37,"M")+DATEDIF(J37,P37,"MD")/DAY(EOMONTH(J37,0)), DATEDIF(J37,R37,"M")+DATEDIF(J37,R37,"MD")/DAY(EOMONTH(J37,0))) -> 29.933333 | AE37: 60.433333 | AF37: =IF(X37=0, DATEDIF(J37,P37,"M")+DATEDIF(J37,P37,"MD")/DAY(EOMONTH(J37,0)), DATEDIF(J37,T37,"M")+DATEDIF(J37,T37,"MD")/DAY(EOMONTH(J37,0))) -> 29.933333 | AG37: =IF(Y37=0, DATEDIF(J37,Q37,"M")+DATEDIF(J37,Q37,"MD")/DAY(EOMONTH(J37,0)), DATEDIF(J37,U37,"M")+DATEDIF(J37,U37,"MD")/DAY(EOMONTH(J37,0))) -> 60.433333 | AH37: =IF(V37=0, DATEDIF(M37,P37,"M")+DATEDIF(M37,P37,"MD")/DAY(EOMONTH(M37,0)), DATEDIF(M37,R37,"M")+DATEDIF(M37,R37,"MD")/DAY(EOMONTH(M37,0))) -> 28.16129 | AI37: 58.645161 | AJ37: =IF(X37=0, DATEDIF(M37,P37,"M")+DATEDIF(M37,P37,"MD")/DAY(EOMONTH(M37,0)), DATEDIF(M37,T37,"M")+DATEDIF(M37,T37,"MD")/DAY(EOMONTH(M37,0))) -> 28.16129 | AK37: =IF(Y37=0, DATEDIF(M37,Q37,"M")+DATEDIF(M37,Q37,"MD")/DAY(EOMONTH(M37,0)), DATEDIF(M37,U37,"M")+DATEDIF(M37,U37,"MD")/DAY(EOMONTH(M37,0))) -> 58.645161 | AL37: =IF(MID(A37,FIND("_",A37)-1,1)="2", 2, 1) -> 2 | AM37: =IFERROR( CHOOSE( VALUE(MID(D37, FIND("-", D37) - 1, 1)), "University of Cincinnati", "Ohio State University", "Medical University of South Carolina", "University of Michigan", "University of Louisville", "MD Anderson" ), "Unknown" ) -> University of Michigan | AN37: 0 | AO37: 14 | AP37: =VLOOKUP(D37, METADATALOOKUP!$A:$AI, 7, FALSE) -> 62 | AQ37: =VLOOKUP(D37, METADATALOOKUP!$A:$AI, 8, FALSE) -> Male | AR37: =VLOOKUP(D37, METADATALOOKUP!$A:$AI, 9, FALSE) -> White | AS37: =VLOOKUP(D37, METADATALOOKUP!$A:$AI, 11, FALSE) -> Yes | AT37: =VLOOKUP(D37, METADATALOOKUP!$A:$AI, 10, FALSE) -> Non-Hispanic | AU37: =VLOOKUP(D37, METADATALOOKUP!$A:$AI, 12, FALSE) -> No | AV37: =VLOOKUP(D37, METADATALOOKUP!$A:$AI, 14, FALSE) -> T4N2cM0 | AW37: =VLOOKUP(D37, METADATALOOKUP!$A:$AI, 6, FALSE) -> Intermediate | AX37: =VLOOKUP(D37, METADATALOOKUP!$A:$AI, 19, FALSE) -> No | AY37: =LOOKUP(D37, SURVLOOKUP!$A:$A, SURVLOOKUP!$P:$P) -> 0 | AZ37: 5 | BA37: =TEXT(VLOOKUP(D37, METADATALOOKUP!$A:$AI, 34, FALSE), "@") -> 0.5 | BB37: =IF(AZ37=0, "Non-Responder", "Responder") -> Responder | BC37: 0.42 | BE37: 24 | BF37: 2.380952 | BG37: 7.08 | BH37: 7.08 | BI37: 3.531073 | BJ37: UDI0220 | BK37: TATGGTTC | BL37: CACCGGTA
A38: Pilot2_41 | B38: =VLOOKUP(A38, IDSLOOKUP!C:E, 2, FALSE) -> Adj Wk 1 | C38: =VLOOKUP(D38, METADATALOOKUP!$A:$AI, 13, FALSE) -> Larynx | D38: =VLOOKUP(A38, IDSLOOKUP!C:E, 3, FALSE) -> HN04-10 | E38: =VLOOKUP(A38,CFDNALOOKUP!AG:AI,2,FALSE) -> 44091 | F38: =VLOOKUP(A38,CFDNALOOKUP!AG:AI,3,FALSE) -> 44179 | G38: =VLOOKUP(D38, SURVLOOKUP!$A:$Q, 2, FALSE) -> 43371 | H38: =VLOOKUP(D38, SURVLOOKUP!$A:$Q, 3, FALSE) -> 43404 | I38: =VLOOKUP(D38, SURVLOOKUP!$A:$Q, 4, FALSE) -> 43406 | J38: =VLOOKUP(D38, SURVLOOKUP!$A:$Q, 5, FALSE) -> 43413 | K38: =VLOOKUP(D38, SURVLOOKUP!$A:$Q, 6, FALSE) -> 43475 | L38: =VLOOKUP(D38, SURVLOOKUP!$A:$Q, 7, FALSE) -> 43516 | M38: =VLOOKUP(D38, SURVLOOKUP!$A:$Q, 8, FALSE) -> 43467 | N38: =VLOOKUP(D38, SURVLOOKUP!$A:$Q, 9, FALSE) -> 43580 | O38: =VLOOKUP(D38, SURVLOOKUP!$A:$Q, 10, FALSE) -> NA | P38: =VLOOKUP(D38, OLDSURVLOOKUP!$A:$AA, 19, FALSE) -> 44323 | Q38: =VLOOKUP(D38, SURVLOOKUP!$A:$Q, 11, FALSE) -> 45251 | U38: =VLOOKUP(D38, SURVLOOKUP!$A:$Q, 13, FALSE) -> 45252 | V38: =_xlfn.XLOOKUP(D38, OLDSURVLOOKUP!$A:$A, OLDSURVLOOKUP!V:V) -> 0 | W38: =VLOOKUP(D38, SURVLOOKUP!$A:$Q, 14, FALSE) -> 1 | X38: =_xlfn.XLOOKUP(D38, OLDSURVLOOKUP!$A:$A, OLDSURVLOOKUP!X:X) -> 0 | Y38: =VLOOKUP(D38, SURVLOOKUP!$A:$Q, 15, FALSE) -> 1 | Z38: =IF(V38=0, DATEDIF(I38,P38,"M")+DATEDIF(I38,P38,"MD")/DAY(EOMONTH(I38,0)), DATEDIF(I38,R38,"M")+DATEDIF(I38,R38,"MD")/DAY(EOMONTH(I38,0))) -> 30.166667 | AA38: 60.666667 | AB38: =IF(X38=0, DATEDIF(I38,P38,"M")+DATEDIF(I38,P38,"MD")/DAY(EOMONTH(I38,0)), DATEDIF(I38,T38,"M")+DATEDIF(I38,T38,"MD")/DAY(EOMONTH(I38,0))) -> 30.166667 | AC38: =IF(Y38=0, DATEDIF(I38,Q38,"M")+DATEDIF(I38,Q38,"MD")/DAY(EOMONTH(I38,0)), DATEDIF(I38,U38,"M")+DATEDIF(I38,U38,"MD")/DAY(EOMONTH(I38,0))) -> 60.666667 | AD38: =IF(V38=0, DATEDIF(J38,P38,"M")+DATEDIF(J38,P38,"MD")/DAY(EOMONTH(J38,0)), DATEDIF(J38,R38,"M")+DATEDIF(J38,R38,"MD")/DAY(EOMONTH(J38,0))) -> 29.933333 | AE38: 60.433333 | AF38: =IF(X38=0, DATEDIF(J38,P38,"M")+DATEDIF(J38,P38,"MD")/DAY(EOMONTH(J38,0)), DATEDIF(J38,T38,"M")+DATEDIF(J38,T38,"MD")/DAY(EOMONTH(J38,0))) -> 29.933333 | AG38: =IF(Y38=0, DATEDIF(J38,Q38,"M")+DATEDIF(J38,Q38,"MD")/DAY(EOMONTH(J38,0)), DATEDIF(J38,U38,"M")+DATEDIF(J38,U38,"MD")/DAY(EOMONTH(J38,0))) -> 60.433333 | AH38: =IF(V38=0, DATEDIF(M38,P38,"M")+DATEDIF(M38,P38,"MD")/DAY(EOMONTH(M38,0)), DATEDIF(M38,R38,"M")+DATEDIF(M38,R38,"MD")/DAY(EOMONTH(M38,0))) -> 28.16129 | AI38: 58.645161 | AJ38: =IF(X38=0, DATEDIF(M38,P38,"M")+DATEDIF(M38,P38,"MD")/DAY(EOMONTH(M38,0)), DATEDIF(M38,T38,"M")+DATEDIF(M38,T38,"MD")/DAY(EOMONTH(M38,0))) -> 28.16129 | AK38: =IF(Y38=0, DATEDIF(M38,Q38,"M")+DATEDIF(M38,Q38,"MD")/DAY(EOMONTH(M38,0)), DATEDIF(M38,U38,"M")+DATEDIF(M38,U38,"MD")/DAY(EOMONTH(M38,0))) -> 58.645161 | AL38: =IF(MID(A38,FIND("_",A38)-1,1)="2", 2, 1) -> 2 | AM38: =IFERROR( CHOOSE( VALUE(MID(D38, FIND("-", D38) - 1, 1)), "University of Cincinnati", "Ohio State University", "Medical University of South Carolina", "University of Michigan", "University of Louisville", "MD Anderson" ), "Unknown" ) -> University of Michigan | AN38: 0 | AO38: 14 | AP38: =VLOOKUP(D38, METADATALOOKUP!$A:$AI, 7, FALSE) -> 62 | AQ38: =VLOOKUP(D38, METADATALOOKUP!$A:$AI, 8, FALSE) -> Male | AR38: =VLOOKUP(D38, METADATALOOKUP!$A:$AI, 9, FALSE) -> White | AS38: =VLOOKUP(D38, METADATALOOKUP!$A:$AI, 11, FALSE) -> Yes | AT38: =VLOOKUP(D38, METADATALOOKUP!$A:$AI, 10, FALSE) -> Non-Hispanic | AU38: =VLOOKUP(D38, METADATALOOKUP!$A:$AI, 12, FALSE) -> No | AV38: =VLOOKUP(D38, METADATALOOKUP!$A:$AI, 14, FALSE) -> T4N2cM0 | AW38: =VLOOKUP(D38, METADATALOOKUP!$A:$AI, 6, FALSE) -> Intermediate | AX38: =VLOOKUP(D38, METADATALOOKUP!$A:$AI, 19, FALSE) -> No | AY38: =LOOKUP(D38, SURVLOOKUP!$A:$A, SURVLOOKUP!$P:$P) -> 0 | AZ38: 5 | BA38: =TEXT(VLOOKUP(D38, METADATALOOKUP!$A:$AI, 34, FALSE), "@") -> 0.5 | BB38: =IF(AZ38=0, "Non-Responder", "Responder") -> Responder | BC38: 0.3 | BE38: 24 | BF38: 3.333333 | BG38: 46.66667 | BH38: 21.8 | BI38: 1.146789 | BJ38: UDI0255 | BK38: TAATAGGA | BL38: CTAACCAG
A39: Pilot2_42 | B39: =VLOOKUP(A39, IDSLOOKUP!C:E, 2, FALSE) -> Screen | C39: =VLOOKUP(D39, METADATALOOKUP!$A:$AI, 13, FALSE) -> Oral Cavity | D39: =VLOOKUP(A39, IDSLOOKUP!C:E, 3, FALSE) -> HN04-11 | E39: =VLOOKUP(A39,CFDNALOOKUP!AG:AI,2,FALSE) -> 44091 | F39: =VLOOKUP(A39,CFDNALOOKUP!AG:AI,3,FALSE) -> 44179 | G39: =VLOOKUP(D39, SURVLOOKUP!$A:$Q, 2, FALSE) -> 43580 | H39: =VLOOKUP(D39, SURVLOOKUP!$A:$Q, 3, FALSE) -> 43613 | I39: =VLOOKUP(D39, SURVLOOKUP!$A:$Q, 4, FALSE) -> 43615 | J39: =VLOOKUP(D39, SURVLOOKUP!$A:$Q, 5, FALSE) -> 43627 | K39: =VLOOKUP(D39, SURVLOOKUP!$A:$Q, 6, FALSE) -> 43711 | L39: =VLOOKUP(D39, SURVLOOKUP!$A:$Q, 7, FALSE) -> 43711 | M39: =VLOOKUP(D39, SURVLOOKUP!$A:$Q, 8, FALSE) -> 43668 | N39: =VLOOKUP(D39, SURVLOOKUP!$A:$Q, 9, FALSE) -> 43773 | O39: =VLOOKUP(D39, SURVLOOKUP!$A:$Q, 10, FALSE) -> NA | P39: =VLOOKUP(D39, OLDSURVLOOKUP!$A:$AA, 19, FALSE) -> 44309 | Q39: =VLOOKUP(D39, SURVLOOKUP!$A:$Q, 11, FALSE) -> 45609 | V39: =_xlfn.XLOOKUP(D39, OLDSURVLOOKUP!$A:$A, OLDSURVLOOKUP!V:V) -> 0 | W39: =VLOOKUP(D39, SURVLOOKUP!$A:$Q, 14, FALSE) -> 0 | X39: =_xlfn.XLOOKUP(D39, OLDSURVLOOKUP!$A:$A, OLDSURVLOOKUP!X:X) -> 0 | Y39: =VLOOKUP(D39, SURVLOOKUP!$A:$Q, 15, FALSE) -> 0 | Z39: =IF(V39=0, DATEDIF(I39,P39,"M")+DATEDIF(I39,P39,"MD")/DAY(EOMONTH(I39,0)), DATEDIF(I39,R39,"M")+DATEDIF(I39,R39,"MD")/DAY(EOMONTH(I39,0))) -> 22.774194 | AA39: =IF(W39=0, DATEDIF(I39,Q39,"M")+DATEDIF(I39,Q39,"MD")/DAY(EOMONTH(I39,0)), DATEDIF(I39,S39,"M")+DATEDIF(I39,S39,"MD")/DAY(EOMONTH(I39,0))) -> 65.451613 | AB39: =IF(X39=0, DATEDIF(I39,P39,"M")+DATEDIF(I39,P39,"MD")/DAY(EOMONTH(I39,0)), DATEDIF(I39,T39,"M")+DATEDIF(I39,T39,"MD")/DAY(EOMONTH(I39,0))) -> 22.774194 | AC39: =IF(Y39=0, DATEDIF(I39,Q39,"M")+DATEDIF(I39,Q39,"MD")/DAY(EOMONTH(I39,0)), DATEDIF(I39,U39,"M")+DATEDIF(I39,U39,"MD")/DAY(EOMONTH(I39,0))) -> 65.451613 | AD39: =IF(V39=0, DATEDIF(J39,P39,"M")+DATEDIF(J39,P39,"MD")/DAY(EOMONTH(J39,0)), DATEDIF(J39,R39,"M")+DATEDIF(J39,R39,"MD")/DAY(EOMONTH(J39,0))) -> 22.4 | AE39: =IF(W39=0, DATEDIF(J39,Q39,"M")+DATEDIF(J39,Q39,"MD")/DAY(EOMONTH(J39,0)), DATEDIF(J39,S39,"M")+DATEDIF(J39,S39,"MD")/DAY(EOMONTH(J39,0))) -> 65.066667 | AF39: =IF(X39=0, DATEDIF(J39,P39,"M")+DATEDIF(J39,P39,"MD")/DAY(EOMONTH(J39,0)), DATEDIF(J39,T39,"M")+DATEDIF(J39,T39,"MD")/DAY(EOMONTH(J39,0))) -> 22.4 | AG39: =IF(Y39=0, DATEDIF(J39,Q39,"M")+DATEDIF(J39,Q39,"MD")/DAY(EOMONTH(J39,0)), DATEDIF(J39,U39,"M")+DATEDIF(J39,U39,"MD")/DAY(EOMONTH(J39,0))) -> 65.066667 | AH39: =IF(V39=0, DATEDIF(M39,P39,"M")+DATEDIF(M39,P39,"MD")/DAY(EOMONTH(M39,0)), DATEDIF(M39,R39,"M")+DATEDIF(M39,R39,"MD")/DAY(EOMONTH(M39,0))) -> 21.032258 | AI39: =IF(W39=0, DATEDIF(M39,Q39,"M")+DATEDIF(M39,Q39,"MD")/DAY(EOMONTH(M39,0)), DATEDIF(M39,S39,"M")+DATEDIF(M39,S39,"MD")/DAY(EOMONTH(M39,0))) -> 63.709677 | AJ39: =IF(X39=0, DATEDIF(M39,P39,"M")+DATEDIF(M39,P39,"MD")/DAY(EOMONTH(M39,0)), DATEDIF(M39,T39,"M")+DATEDIF(M39,T39,"MD")/DAY(EOMONTH(M39,0))) -> 21.032258 | AK39: =IF(Y39=0, DATEDIF(M39,Q39,"M")+DATEDIF(M39,Q39,"MD")/DAY(EOMONTH(M39,0)), DATEDIF(M39,U39,"M")+DATEDIF(M39,U39,"MD")/DAY(EOMONTH(M39,0))) -> 63.709677 | AL39: =IF(MID(A39,FIND("_",A39)-1,1)="2", 2, 1) -> 2 | AM39: =IFERROR( CHOOSE( VALUE(MID(D39, FIND("-", D39) - 1, 1)), "University of Cincinnati", "Ohio State University", "Medical University of South Carolina", "University of Michigan", "University of Louisville", "MD Anderson" ), "Unknown" ) -> University of Michigan | AN39: 1 | AO39: 15 | AP39: =VLOOKUP(D39, METADATALOOKUP!$A:$AI, 7, FALSE) -> 59 | AQ39: =VLOOKUP(D39, METADATALOOKUP!$A:$AI, 8, FALSE) -> Female | AR39: =VLOOKUP(D39, METADATALOOKUP!$A:$AI, 9, FALSE) -> White | AS39: =VLOOKUP(D39, METADATALOOKUP!$A:$AI, 11, FALSE) -> Yes | AT39: =VLOOKUP(D39, METADATALOOKUP!$A:$AI, 10, FALSE) -> Non-Hispanic | AU39: =VLOOKUP(D39, METADATALOOKUP!$A:$AI, 12, FALSE) -> No | AV39: =VLOOKUP(D39, METADATALOOKUP!$A:$AI, 14, FALSE) -> T4aN2cM0 | AW39: =VLOOKUP(D39, METADATALOOKUP!$A:$AI, 6, FALSE) -> Intermediate | AX39: =VLOOKUP(D39, METADATALOOKUP!$A:$AI, 19, FALSE) -> Unknown | AY39: =LOOKUP(D39, SURVLOOKUP!$A:$A, SURVLOOKUP!$P:$P) -> 0 | AZ39: 1 | BA39: =TEXT(VLOOKUP(D39, METADATALOOKUP!$A:$AI, 34, FALSE), "@") -> 0.1 | BB39: =IF(AZ39=0, "Non-Responder", "Responder") -> Responder | BC39: 1.27 | BE39: 24 | BF39: 0.787402 | BG39: 49.2126 | BH39: 10.1 | BI39: 2.475248 | BJ39: UDI0234 | BK39: GACGTAAG | BL39: GCCAAGCC
A40: Pilot2_43 | B40: =VLOOKUP(A40, IDSLOOKUP!C:E, 2, FALSE) -> Day 0 | C40: =VLOOKUP(D40, METADATALOOKUP!$A:$AI, 13, FALSE) -> Oral Cavity | D40: =VLOOKUP(A40, IDSLOOKUP!C:E, 3, FALSE) -> HN04-11 | E40: =VLOOKUP(A40,CFDNALOOKUP!AG:AI,2,FALSE) -> 44091 | F40: =VLOOKUP(A40,CFDNALOOKUP!AG:AI,3,FALSE) -> 44179 | G40: =VLOOKUP(D40, SURVLOOKUP!$A:$Q, 2, FALSE) -> 43580 | H40: =VLOOKUP(D40, SURVLOOKUP!$A:$Q, 3, FALSE) -> 43613 | I40: =VLOOKUP(D40, SURVLOOKUP!$A:$Q, 4, FALSE) -> 43615 | J40: =VLOOKUP(D40, SURVLOOKUP!$A:$Q, 5, FALSE) -> 43627 | K40: =VLOOKUP(D40, SURVLOOKUP!$A:$Q, 6, FALSE) -> 43711 | L40: =VLOOKUP(D40, SURVLOOKUP!$A:$Q, 7, FALSE) -> 43711 | M40: =VLOOKUP(D40, SURVLOOKUP!$A:$Q, 8, FALSE) -> 43668 | N40: =VLOOKUP(D40, SURVLOOKUP!$A:$Q, 9, FALSE) -> 43773 | O40: =VLOOKUP(D40, SURVLOOKUP!$A:$Q, 10, FALSE) -> NA | P40: =VLOOKUP(D40, OLDSURVLOOKUP!$A:$AA, 19, FALSE) -> 44309 | Q40: =VLOOKUP(D40, SURVLOOKUP!$A:$Q, 11, FALSE) -> 45609 | V40: =_xlfn.XLOOKUP(D40, OLDSURVLOOKUP!$A:$A, OLDSURVLOOKUP!V:V) -> 0 | W40: =VLOOKUP(D40, SURVLOOKUP!$A:$Q, 14, FALSE) -> 0 | X40: =_xlfn.XLOOKUP(D40, OLDSURVLOOKUP!$A:$A, OLDSURVLOOKUP!X:X) -> 0 | Y40: =VLOOKUP(D40, SURVLOOKUP!$A:$Q, 15, FALSE) -> 0 | Z40: =IF(V40=0, DATEDIF(I40,P40,"M")+DATEDIF(I40,P40,"MD")/DAY(EOMONTH(I40,0)), DATEDIF(I40,R40,"M")+DATEDIF(I40,R40,"MD")/DAY(EOMONTH(I40,0))) -> 22.774194 | AA40: =IF(W40=0, DATEDIF(I40,Q40,"M")+DATEDIF(I40,Q40,"MD")/DAY(EOMONTH(I40,0)), DATEDIF(I40,S40,"M")+DATEDIF(I40,S40,"MD")/DAY(EOMONTH(I40,0))) -> 65.451613 | AB40: =IF(X40=0, DATEDIF(I40,P40,"M")+DATEDIF(I40,P40,"MD")/DAY(EOMONTH(I40,0)), DATEDIF(I40,T40,"M")+DATEDIF(I40,T40,"MD")/DAY(EOMONTH(I40,0))) -> 22.774194 | AC40: =IF(Y40=0, DATEDIF(I40,Q40,"M")+DATEDIF(I40,Q40,"MD")/DAY(EOMONTH(I40,0)), DATEDIF(I40,U40,"M")+DATEDIF(I40,U40,"MD")/DAY(EOMONTH(I40,0))) -> 65.451613 | AD40: =IF(V40=0, DATEDIF(J40,P40,"M")+DATEDIF(J40,P40,"MD")/DAY(EOMONTH(J40,0)), DATEDIF(J40,R40,"M")+DATEDIF(J40,R40,"MD")/DAY(EOMONTH(J40,0))) -> 22.4 | AE40: =IF(W40=0, DATEDIF(J40,Q40,"M")+DATEDIF(J40,Q40,"MD")/DAY(EOMONTH(J40,0)), DATEDIF(J40,S40,"M")+DATEDIF(J40,S40,"MD")/DAY(EOMONTH(J40,0))) -> 65.066667 | AF40: =IF(X40=0, DATEDIF(J40,P40,"M")+DATEDIF(J40,P40,"MD")/DAY(EOMONTH(J40,0)), DATEDIF(J40,T40,"M")+DATEDIF(J40,T40,"MD")/DAY(EOMONTH(J40,0))) -> 22.4 | AG40: =IF(Y40=0, DATEDIF(J40,Q40,"M")+DATEDIF(J40,Q40,"MD")/DAY(EOMONTH(J40,0)), DATEDIF(J40,U40,"M")+DATEDIF(J40,U40,"MD")/DAY(EOMONTH(J40,0))) -> 65.066667 | AH40: =IF(V40=0, DATEDIF(M40,P40,"M")+DATEDIF(M40,P40,"MD")/DAY(EOMONTH(M40,0)), DATEDIF(M40,R40,"M")+DATEDIF(M40,R40,"MD")/DAY(EOMONTH(M40,0))) -> 21.032258 | AI40: =IF(W40=0, DATEDIF(M40,Q40,"M")+DATEDIF(M40,Q40,"MD")/DAY(EOMONTH(M40,0)), DATEDIF(M40,S40,"M")+DATEDIF(M40,S40,"MD")/DAY(EOMONTH(M40,0))) -> 63.709677 | AJ40: =IF(X40=0, DATEDIF(M40,P40,"M")+DATEDIF(M40,P40,"MD")/DAY(EOMONTH(M40,0)), DATEDIF(M40,T40,"M")+DATEDIF(M40,T40,"MD")/DAY(EOMONTH(M40,0))) -> 21.032258 | AK40: =IF(Y40=0, DATEDIF(M40,Q40,"M")+DATEDIF(M40,Q40,"MD")/DAY(EOMONTH(M40,0)), DATEDIF(M40,U40,"M")+DATEDIF(M40,U40,"MD")/DAY(EOMONTH(M40,0))) -> 63.709677 | AL40: =IF(MID(A40,FIND("_",A40)-1,1)="2", 2, 1) -> 2 | AM40: =IFERROR( CHOOSE( VALUE(MID(D40, FIND("-", D40) - 1, 1)), "University of Cincinnati", "Ohio State University", "Medical University of South Carolina", "University of Michigan", "University of Louisville", "MD Anderson" ), "Unknown" ) -> University of Michigan | AN40: 1 | AO40: 15 | AP40: =VLOOKUP(D40, METADATALOOKUP!$A:$AI, 7, FALSE) -> 59 | AQ40: =VLOOKUP(D40, METADATALOOKUP!$A:$AI, 8, FALSE) -> Female | AR40: =VLOOKUP(D40, METADATALOOKUP!$A:$AI, 9, FALSE) -> White | AS40: =VLOOKUP(D40, METADATALOOKUP!$A:$AI, 11, FALSE) -> Yes | AT40: =VLOOKUP(D40, METADATALOOKUP!$A:$AI, 10, FALSE) -> Non-Hispanic | AU40: =VLOOKUP(D40, METADATALOOKUP!$A:$AI, 12, FALSE) -> No | AV40: =VLOOKUP(D40, METADATALOOKUP!$A:$AI, 14, FALSE) -> T4aN2cM0 | AW40: =VLOOKUP(D40, METADATALOOKUP!$A:$AI, 6, FALSE) -> Intermediate | AX40: =VLOOKUP(D40, METADATALOOKUP!$A:$AI, 19, FALSE) -> Unknown | AY40: =LOOKUP(D40, SURVLOOKUP!$A:$A, SURVLOOKUP!$P:$P) -> 0 | AZ40: 1 | BA40: =TEXT(VLOOKUP(D40, METADATALOOKUP!$A:$AI, 34, FALSE), "@") -> 0.1 | BB40: =IF(AZ40=0, "Non-Responder", "Responder") -> Responder | BC40: 1.04 | BE40: 24 | BF40: 0.961538 | BG40: 49.03846 | BH40: 10.3 | BI40: 2.427184 | BJ40: UDI0257 | BK40: GAATGTAA | BL40: CTGGCACT
A41: Pilot2_44 | B41: =VLOOKUP(A41, IDSLOOKUP!C:E, 2, FALSE) -> Adj Wk 1 | C41: =VLOOKUP(D41, METADATALOOKUP!$A:$AI, 13, FALSE) -> Oral Cavity | D41: =VLOOKUP(A41, IDSLOOKUP!C:E, 3, FALSE) -> HN04-11 | E41: =VLOOKUP(A41,CFDNALOOKUP!AG:AI,2,FALSE) -> 44091 | F41: =VLOOKUP(A41,CFDNALOOKUP!AG:AI,3,FALSE) -> 44180 | G41: =VLOOKUP(D41, SURVLOOKUP!$A:$Q, 2, FALSE) -> 43580 | H41: =VLOOKUP(D41, SURVLOOKUP!$A:$Q, 3, FALSE) -> 43613 | I41: =VLOOKUP(D41, SURVLOOKUP!$A:$Q, 4, FALSE) -> 43615 | J41: =VLOOKUP(D41, SURVLOOKUP!$A:$Q, 5, FALSE) -> 43627 | K41: =VLOOKUP(D41, SURVLOOKUP!$A:$Q, 6, FALSE) -> 43711 | L41: =VLOOKUP(D41, SURVLOOKUP!$A:$Q, 7, FALSE) -> 43711 | M41: =VLOOKUP(D41, SURVLOOKUP!$A:$Q, 8, FALSE) -> 43668 | N41: =VLOOKUP(D41, SURVLOOKUP!$A:$Q, 9, FALSE) -> 43773 | O41: =VLOOKUP(D41, SURVLOOKUP!$A:$Q, 10, FALSE) -> NA | P41: =VLOOKUP(D41, OLDSURVLOOKUP!$A:$AA, 19, FALSE) -> 44309 | Q41: =VLOOKUP(D41, SURVLOOKUP!$A:$Q, 11, FALSE) -> 45609 | V41: =_xlfn.XLOOKUP(D41, OLDSURVLOOKUP!$A:$A, OLDSURVLOOKUP!V:V) -> 0 | W41: =VLOOKUP(D41, SURVLOOKUP!$A:$Q, 14, FALSE) -> 0 | X41: =_xlfn.XLOOKUP(D41, OLDSURVLOOKUP!$A:$A, OLDSURVLOOKUP!X:X) -> 0 | Y41: =VLOOKUP(D41, SURVLOOKUP!$A:$Q, 15, FALSE) -> 0 | Z41: =IF(V41=0, DATEDIF(I41,P41,"M")+DATEDIF(I41,P41,"MD")/DAY(EOMONTH(I41,0)), DATEDIF(I41,R41,"M")+DATEDIF(I41,R41,"MD")/DAY(EOMONTH(I41,0))) -> 22.774194 | AA41: =IF(W41=0, DATEDIF(I41,Q41,"M")+DATEDIF(I41,Q41,"MD")/DAY(EOMONTH(I41,0)), DATEDIF(I41,S41,"M")+DATEDIF(I41,S41,"MD")/DAY(EOMONTH(I41,0))) -> 65.451613 | AB41: =IF(X41=0, DATEDIF(I41,P41,"M")+DATEDIF(I41,P41,"MD")/DAY(EOMONTH(I41,0)), DATEDIF(I41,T41,"M")+DATEDIF(I41,T41,"MD")/DAY(EOMONTH(I41,0))) -> 22.774194 | AC41: =IF(Y41=0, DATEDIF(I41,Q41,"M")+DATEDIF(I41,Q41,"MD")/DAY(EOMONTH(I41,0)), DATEDIF(I41,U41,"M")+DATEDIF(I41,U41,"MD")/DAY(EOMONTH(I41,0))) -> 65.451613 | AD41: =IF(V41=0, DATEDIF(J41,P41,"M")+DATEDIF(J41,P41,"MD")/DAY(EOMONTH(J41,0)), DATEDIF(J41,R41,"M")+DATEDIF(J41,R41,"MD")/DAY(EOMONTH(J41,0))) -> 22.4 | AE41: =IF(W41=0, DATEDIF(J41,Q41,"M")+DATEDIF(J41,Q41,"MD")/DAY(EOMONTH(J41,0)), DATEDIF(J41,S41,"M")+DATEDIF(J41,S41,"MD")/DAY(EOMONTH(J41,0))) -> 65.066667 | AF41: =IF(X41=0, DATEDIF(J41,P41,"M")+DATEDIF(J41,P41,"MD")/DAY(EOMONTH(J41,0)), DATEDIF(J41,T41,"M")+DATEDIF(J41,T41,"MD")/DAY(EOMONTH(J41,0))) -> 22.4 | AG41: =IF(Y41=0, DATEDIF(J41,Q41,"M")+DATEDIF(J41,Q41,"MD")/DAY(EOMONTH(J41,0)), DATEDIF(J41,U41,"M")+DATEDIF(J41,U41,"MD")/DAY(EOMONTH(J41,0))) -> 65.066667 | AH41: =IF(V41=0, DATEDIF(M41,P41,"M")+DATEDIF(M41,P41,"MD")/DAY(EOMONTH(M41,0)), DATEDIF(M41,R41,"M")+DATEDIF(M41,R41,"MD")/DAY(EOMONTH(M41,0))) -> 21.032258 | AI41: =IF(W41=0, DATEDIF(M41,Q41,"M")+DATEDIF(M41,Q41,"MD")/DAY(EOMONTH(M41,0)), DATEDIF(M41,S41,"M")+DATEDIF(M41,S41,"MD")/DAY(EOMONTH(M41,0))) -> 63.709677 | AJ41: =IF(X41=0, DATEDIF(M41,P41,"M")+DATEDIF(M41,P41,"MD")/DAY(EOMONTH(M41,0)), DATEDIF(M41,T41,"M")+DATEDIF(M41,T41,"MD")/DAY(EOMONTH(M41,0))) -> 21.032258 | AK41: =IF(Y41=0, DATEDIF(M41,Q41,"M")+DATEDIF(M41,Q41,"MD")/DAY(EOMONTH(M41,0)), DATEDIF(M41,U41,"M")+DATEDIF(M41,U41,"MD")/DAY(EOMONTH(M41,0))) -> 63.709677 | AL41: =IF(MID(A41,FIND("_",A41)-1,1)="2", 2, 1) -> 2 | AM41: =IFERROR( CHOOSE( VALUE(MID(D41, FIND("-", D41) - 1, 1)), "University of Cincinnati", "Ohio State University", "Medical University of South Carolina", "University of Michigan", "University of Louisville", "MD Anderson" ), "Unknown" ) -> University of Michigan | AN41: 1 | AO41: 15 | AP41: =VLOOKUP(D41, METADATALOOKUP!$A:$AI, 7, FALSE) -> 59 | AQ41: =VLOOKUP(D41, METADATALOOKUP!$A:$AI, 8, FALSE) -> Female | AR41: =VLOOKUP(D41, METADATALOOKUP!$A:$AI, 9, FALSE) -> White | AS41: =VLOOKUP(D41, METADATALOOKUP!$A:$AI, 11, FALSE) -> Yes | AT41: =VLOOKUP(D41, METADATALOOKUP!$A:$AI, 10, FALSE) -> Non-Hispanic | AU41: =VLOOKUP(D41, METADATALOOKUP!$A:$AI, 12, FALSE) -> No | AV41: =VLOOKUP(D41, METADATALOOKUP!$A:$AI, 14, FALSE) -> T4aN2cM0 | AW41: =VLOOKUP(D41, METADATALOOKUP!$A:$AI, 6, FALSE) -> Intermediate | AX41: =VLOOKUP(D41, METADATALOOKUP!$A:$AI, 19, FALSE) -> Unknown | AY41: =LOOKUP(D41, SURVLOOKUP!$A:$A, SURVLOOKUP!$P:$P) -> 0 | AZ41: 1 | BA41: =TEXT(VLOOKUP(D41, METADATALOOKUP!$A:$AI, 34, FALSE), "@") -> 0.1 | BB41: =IF(AZ41=0, "Non-Responder", "Responder") -> Responder | BC41: 0.324 | BE41: 24 | BF41: 3.08642 | BG41: 46.91358 | BH41: 14.3 | BI41: 1.748252 | BJ41: UDI0219 | BK41: ACAATGCC | BL41: CGTCCTTA
A42: Pilot2_45 | B42: =VLOOKUP(A42, IDSLOOKUP!C:E, 2, FALSE) -> Screen | C42: =VLOOKUP(D42, METADATALOOKUP!$A:$AI, 13, FALSE) -> Oral Cavity | D42: =VLOOKUP(A42, IDSLOOKUP!C:E, 3, FALSE) -> HN04-14 | E42: =VLOOKUP(A42,CFDNALOOKUP!AG:AI,2,FALSE) -> 44091 | F42: =VLOOKUP(A42,CFDNALOOKUP!AG:AI,3,FALSE) -> 44180 | G42: =VLOOKUP(D42, SURVLOOKUP!$A:$Q, 2, FALSE) -> 43721 | H42: =VLOOKUP(D42, SURVLOOKUP!$A:$Q, 3, FALSE) -> 43774 | I42: =VLOOKUP(D42, SURVLOOKUP!$A:$Q, 4, FALSE) -> 43795 | J42: =VLOOKUP(D42, SURVLOOKUP!$A:$Q, 5, FALSE) -> 43802 | K42: =VLOOKUP(D42, SURVLOOKUP!$A:$Q, 6, FALSE) -> 43837 | L42: =VLOOKUP(D42, SURVLOOKUP!$A:$Q, 7, FALSE) -> 43880 | M42: =VLOOKUP(D42, SURVLOOKUP!$A:$Q, 8, FALSE) -> 43830 | N42: =VLOOKUP(D42, SURVLOOKUP!$A:$Q, 9, FALSE) -> 43925 | O42: =VLOOKUP(D42, SURVLOOKUP!$A:$Q, 10, FALSE) -> NA | P42: =VLOOKUP(D42, OLDSURVLOOKUP!$A:$AA, 19, FALSE) -> 44327 | Q42: =VLOOKUP(D42, SURVLOOKUP!$A:$Q, 11, FALSE) -> 45678 | V42: =_xlfn.XLOOKUP(D42, OLDSURVLOOKUP!$A:$A, OLDSURVLOOKUP!V:V) -> 0 | W42: =VLOOKUP(D42, SURVLOOKUP!$A:$Q, 14, FALSE) -> 0 | X42: =_xlfn.XLOOKUP(D42, OLDSURVLOOKUP!$A:$A, OLDSURVLOOKUP!X:X) -> 0 | Y42: =VLOOKUP(D42, SURVLOOKUP!$A:$Q, 15, FALSE) -> 0 | Z42: =IF(V42=0, DATEDIF(I42,P42,"M")+DATEDIF(I42,P42,"MD")/DAY(EOMONTH(I42,0)), DATEDIF(I42,R42,"M")+DATEDIF(I42,R42,"MD")/DAY(EOMONTH(I42,0))) -> 17.5 | AA42: =IF(W42=0, DATEDIF(I42,Q42,"M")+DATEDIF(I42,Q42,"MD")/DAY(EOMONTH(I42,0)), DATEDIF(I42,S42,"M")+DATEDIF(I42,S42,"MD")/DAY(EOMONTH(I42,0))) -> 61.866667 | AB42: =IF(X42=0, DATEDIF(I42,P42,"M")+DATEDIF(I42,P42,"MD")/DAY(EOMONTH(I42,0)), DATEDIF(I42,T42,"M")+DATEDIF(I42,T42,"MD")/DAY(EOMONTH(I42,0))) -> 17.5 | AC42: =IF(Y42=0, DATEDIF(I42,Q42,"M")+DATEDIF(I42,Q42,"MD")/DAY(EOMONTH(I42,0)), DATEDIF(I42,U42,"M")+DATEDIF(I42,U42,"MD")/DAY(EOMONTH(I42,0))) -> 61.866667 | AD42: =IF(V42=0, DATEDIF(J42,P42,"M")+DATEDIF(J42,P42,"MD")/DAY(EOMONTH(J42,0)), DATEDIF(J42,R42,"M")+DATEDIF(J42,R42,"MD")/DAY(EOMONTH(J42,0))) -> 17.258065 | AE42: =IF(W42=0, DATEDIF(J42,Q42,"M")+DATEDIF(J42,Q42,"MD")/DAY(EOMONTH(J42,0)), DATEDIF(J42,S42,"M")+DATEDIF(J42,S42,"MD")/DAY(EOMONTH(J42,0))) -> 61.580645 | AF42: =IF(X42=0, DATEDIF(J42,P42,"M")+DATEDIF(J42,P42,"MD")/DAY(EOMONTH(J42,0)), DATEDIF(J42,T42,"M")+DATEDIF(J42,T42,"MD")/DAY(EOMONTH(J42,0))) -> 17.258065 | AG42: =IF(Y42=0, DATEDIF(J42,Q42,"M")+DATEDIF(J42,Q42,"MD")/DAY(EOMONTH(J42,0)), DATEDIF(J42,U42,"M")+DATEDIF(J42,U42,"MD")/DAY(EOMONTH(J42,0))) -> 61.580645 | AH42: =IF(V42=0, DATEDIF(M42,P42,"M")+DATEDIF(M42,P42,"MD")/DAY(EOMONTH(M42,0)), DATEDIF(M42,R42,"M")+DATEDIF(M42,R42,"MD")/DAY(EOMONTH(M42,0))) -> 16.322581 | AI42: =IF(W42=0, DATEDIF(M42,Q42,"M")+DATEDIF(M42,Q42,"MD")/DAY(EOMONTH(M42,0)), DATEDIF(M42,S42,"M")+DATEDIF(M42,S42,"MD")/DAY(EOMONTH(M42,0))) -> 60.677419 | AJ42: =IF(X42=0, DATEDIF(M42,P42,"M")+DATEDIF(M42,P42,"MD")/DAY(EOMONTH(M42,0)), DATEDIF(M42,T42,"M")+DATEDIF(M42,T42,"MD")/DAY(EOMONTH(M42,0))) -> 16.322581 | AK42: =IF(Y42=0, DATEDIF(M42,Q42,"M")+DATEDIF(M42,Q42,"MD")/DAY(EOMONTH(M42,0)), DATEDIF(M42,U42,"M")+DATEDIF(M42,U42,"MD")/DAY(EOMONTH(M42,0))) -> 60.677419 | AL42: =IF(MID(A42,FIND("_",A42)-1,1)="2", 2, 1) -> 2 | AM42: =IFERROR( CHOOSE( VALUE(MID(D42, FIND("-", D42) - 1, 1)), "University of Cincinnati", "Ohio State University", "Medical University of South Carolina", "University of Michigan", "University of Louisville", "MD Anderson" ), "Unknown" ) -> University of Michigan | AN42: 1 | AO42: 16 | AP42: =VLOOKUP(D42, METADATALOOKUP!$A:$AI, 7, FALSE) -> 44 | AQ42: =VLOOKUP(D42, METADATALOOKUP!$A:$AI, 8, FALSE) -> Male | AR42: =VLOOKUP(D42, METADATALOOKUP!$A:$AI, 9, FALSE) -> White | AS42: =VLOOKUP(D42, METADATALOOKUP!$A:$AI, 11, FALSE) -> Yes | AT42: =VLOOKUP(D42, METADATALOOKUP!$A:$AI, 10, FALSE) -> Non-Hispanic | AU42: =VLOOKUP(D42, METADATALOOKUP!$A:$AI, 12, FALSE) -> No | AV42: =VLOOKUP(D42, METADATALOOKUP!$A:$AI, 14, FALSE) -> T4aN1M0 | AW42: =VLOOKUP(D42, METADATALOOKUP!$A:$AI, 6, FALSE) -> Intermediate | AX42: =VLOOKUP(D42, METADATALOOKUP!$A:$AI, 19, FALSE) -> No | AY42: =LOOKUP(D42, SURVLOOKUP!$A:$A, SURVLOOKUP!$P:$P) -> 1 | AZ42: 1 | BA42: =TEXT(VLOOKUP(D42, METADATALOOKUP!$A:$AI, 34, FALSE), "@") -> 10-20% | BB42: =IF(AZ42=0, "Non-Responder", "Responder") -> Responder | BC42: 0.28 | BE42: 24 | BF42: 3.571429 | BG42: 46.42857 | BH42: 13.8 | BI42: 1.811594 | BJ42: UDI0195 | BK42: GTTATTAT | BL42: CGCTAAGC
A43: Pilot2_46 | B43: =VLOOKUP(A43, IDSLOOKUP!C:E, 2, FALSE) -> Adj Wk 1 | C43: =VLOOKUP(D43, METADATALOOKUP!$A:$AI, 13, FALSE) -> Oral Cavity | D43: =VLOOKUP(A43, IDSLOOKUP!C:E, 3, FALSE) -> HN04-14 | E43: =VLOOKUP(A43,CFDNALOOKUP!AG:AI,2,FALSE) -> 44091 | F43: =VLOOKUP(A43,CFDNALOOKUP!AG:AI,3,FALSE) -> 44179 | G43: =VLOOKUP(D43, SURVLOOKUP!$A:$Q, 2, FALSE) -> 43721 | H43: =VLOOKUP(D43, SURVLOOKUP!$A:$Q, 3, FALSE) -> 43774 | I43: =VLOOKUP(D43, SURVLOOKUP!$A:$Q, 4, FALSE) -> 43795 | J43: =VLOOKUP(D43, SURVLOOKUP!$A:$Q, 5, FALSE) -> 43802 | K43: =VLOOKUP(D43, SURVLOOKUP!$A:$Q, 6, FALSE) -> 43837 | L43: =VLOOKUP(D43, SURVLOOKUP!$A:$Q, 7, FALSE) -> 43880 | M43: =VLOOKUP(D43, SURVLOOKUP!$A:$Q, 8, FALSE) -> 43830 | N43: =VLOOKUP(D43, SURVLOOKUP!$A:$Q, 9, FALSE) -> 43925 | O43: =VLOOKUP(D43, SURVLOOKUP!$A:$Q, 10, FALSE) -> NA | P43: =VLOOKUP(D43, OLDSURVLOOKUP!$A:$AA, 19, FALSE) -> 44327 | Q43: =VLOOKUP(D43, SURVLOOKUP!$A:$Q, 11, FALSE) -> 45678 | V43: =_xlfn.XLOOKUP(D43, OLDSURVLOOKUP!$A:$A, OLDSURVLOOKUP!V:V) -> 0 | W43: =VLOOKUP(D43, SURVLOOKUP!$A:$Q, 14, FALSE) -> 0 | X43: =_xlfn.XLOOKUP(D43, OLDSURVLOOKUP!$A:$A, OLDSURVLOOKUP!X:X) -> 0 | Y43: =VLOOKUP(D43, SURVLOOKUP!$A:$Q, 15, FALSE) -> 0 | Z43: =IF(V43=0, DATEDIF(I43,P43,"M")+DATEDIF(I43,P43,"MD")/DAY(EOMONTH(I43,0)), DATEDIF(I43,R43,"M")+DATEDIF(I43,R43,"MD")/DAY(EOMONTH(I43,0))) -> 17.5 | AA43: =IF(W43=0, DATEDIF(I43,Q43,"M")+DATEDIF(I43,Q43,"MD")/DAY(EOMONTH(I43,0)), DATEDIF(I43,S43,"M")+DATEDIF(I43,S43,"MD")/DAY(EOMONTH(I43,0))) -> 61.866667 | AB43: =IF(X43=0, DATEDIF(I43,P43,"M")+DATEDIF(I43,P43,"MD")/DAY(EOMONTH(I43,0)), DATEDIF(I43,T43,"M")+DATEDIF(I43,T43,"MD")/DAY(EOMONTH(I43,0))) -> 17.5 | AC43: =IF(Y43=0, DATEDIF(I43,Q43,"M")+DATEDIF(I43,Q43,"MD")/DAY(EOMONTH(I43,0)), DATEDIF(I43,U43,"M")+DATEDIF(I43,U43,"MD")/DAY(EOMONTH(I43,0))) -> 61.866667 | AD43: =IF(V43=0, DATEDIF(J43,P43,"M")+DATEDIF(J43,P43,"MD")/DAY(EOMONTH(J43,0)), DATEDIF(J43,R43,"M")+DATEDIF(J43,R43,"MD")/DAY(EOMONTH(J43,0))) -> 17.258065 | AE43: =IF(W43=0, DATEDIF(J43,Q43,"M")+DATEDIF(J43,Q43,"MD")/DAY(EOMONTH(J43,0)), DATEDIF(J43,S43,"M")+DATEDIF(J43,S43,"MD")/DAY(EOMONTH(J43,0))) -> 61.580645 | AF43: =IF(X43=0, DATEDIF(J43,P43,"M")+DATEDIF(J43,P43,"MD")/DAY(EOMONTH(J43,0)), DATEDIF(J43,T43,"M")+DATEDIF(J43,T43,"MD")/DAY(EOMONTH(J43,0))) -> 17.258065 | AG43: =IF(Y43=0, DATEDIF(J43,Q43,"M")+DATEDIF(J43,Q43,"MD")/DAY(EOMONTH(J43,0)), DATEDIF(J43,U43,"M")+DATEDIF(J43,U43,"MD")/DAY(EOMONTH(J43,0))) -> 61.580645 | AH43: =IF(V43=0, DATEDIF(M43,P43,"M")+DATEDIF(M43,P43,"MD")/DAY(EOMONTH(M43,0)), DATEDIF(M43,R43,"M")+DATEDIF(M43,R43,"MD")/DAY(EOMONTH(M43,0))) -> 16.322581 | AI43: =IF(W43=0, DATEDIF(M43,Q43,"M")+DATEDIF(M43,Q43,"MD")/DAY(EOMONTH(M43,0)), DATEDIF(M43,S43,"M")+DATEDIF(M43,S43,"MD")/DAY(EOMONTH(M43,0))) -> 60.677419 | AJ43: =IF(X43=0, DATEDIF(M43,P43,"M")+DATEDIF(M43,P43,"MD")/DAY(EOMONTH(M43,0)), DATEDIF(M43,T43,"M")+DATEDIF(M43,T43,"MD")/DAY(EOMONTH(M43,0))) -> 16.322581 | AK43: =IF(Y43=0, DATEDIF(M43,Q43,"M")+DATEDIF(M43,Q43,"MD")/DAY(EOMONTH(M43,0)), DATEDIF(M43,U43,"M")+DATEDIF(M43,U43,"MD")/DAY(EOMONTH(M43,0))) -> 60.677419 | AL43: =IF(MID(A43,FIND("_",A43)-1,1)="2", 2, 1) -> 2 | AM43: =IFERROR( CHOOSE( VALUE(MID(D43, FIND("-", D43) - 1, 1)), "University of Cincinnati", "Ohio State University", "Medical University of South Carolina", "University of Michigan", "University of Louisville", "MD Anderson" ), "Unknown" ) -> University of Michigan | AN43: 1 | AO43: 16 | AP43: =VLOOKUP(D43, METADATALOOKUP!$A:$AI, 7, FALSE) -> 44 | AQ43: =VLOOKUP(D43, METADATALOOKUP!$A:$AI, 8, FALSE) -> Male | AR43: =VLOOKUP(D43, METADATALOOKUP!$A:$AI, 9, FALSE) -> White | AS43: =VLOOKUP(D43, METADATALOOKUP!$A:$AI, 11, FALSE) -> Yes | AT43: =VLOOKUP(D43, METADATALOOKUP!$A:$AI, 10, FALSE) -> Non-Hispanic | AU43: =VLOOKUP(D43, METADATALOOKUP!$A:$AI, 12, FALSE) -> No | AV43: =VLOOKUP(D43, METADATALOOKUP!$A:$AI, 14, FALSE) -> T4aN1M0 | AW43: =VLOOKUP(D43, METADATALOOKUP!$A:$AI, 6, FALSE) -> Intermediate | AX43: =VLOOKUP(D43, METADATALOOKUP!$A:$AI, 19, FALSE) -> No | AY43: =LOOKUP(D43, SURVLOOKUP!$A:$A, SURVLOOKUP!$P:$P) -> 1 | AZ43: 1 | BA43: =TEXT(VLOOKUP(D43, METADATALOOKUP!$A:$AI, 34, FALSE), "@") -> 10-20% | BB43: =IF(AZ43=0, "Non-Responder", "Responder") -> Responder | BC43: 0.234 | BE43: 24 | BF43: 4.273504 | BG43: 45.7265 | BH43: 14.6 | BI43: 1.712329 | BJ43: UDI0195 | BK43: GTTATTAT | BL43: CGCTAAGC
A44: Pilot2_47 | B44: =VLOOKUP(A44, IDSLOOKUP!C:E, 2, FALSE) -> Screen | C44: =VLOOKUP(D44, METADATALOOKUP!$A:$AI, 13, FALSE) -> Oral Cavity | D44: =VLOOKUP(A44, IDSLOOKUP!C:E, 3, FALSE) -> HN04-16 | E44: =VLOOKUP(A44,CFDNALOOKUP!AG:AI,2,FALSE) -> 44091 | F44: =VLOOKUP(A44,CFDNALOOKUP!AG:AI,3,FALSE) -> 44179 | G44: =VLOOKUP(D44, SURVLOOKUP!$A:$Q, 2, FALSE) -> 44054 | H44: =VLOOKUP(D44, SURVLOOKUP!$A:$Q, 3, FALSE) -> 44063 | I44: =VLOOKUP(D44, SURVLOOKUP!$A:$Q, 4, FALSE) -> 44067 | J44: =VLOOKUP(D44, SURVLOOKUP!$A:$Q, 5, FALSE) -> 44074 | K44: =VLOOKUP(D44, SURVLOOKUP!$A:$Q, 6, FALSE) -> 44109 | L44: =VLOOKUP(D44, SURVLOOKUP!$A:$Q, 7, FALSE) -> 44154 | M44: =VLOOKUP(D44, SURVLOOKUP!$A:$Q, 8, FALSE) -> 44102 | N44: =VLOOKUP(D44, SURVLOOKUP!$A:$Q, 9, FALSE) -> 44217 | O44: =VLOOKUP(D44, SURVLOOKUP!$A:$Q, 10, FALSE) -> NA | P44: =VLOOKUP(D44, OLDSURVLOOKUP!$A:$AA, 19, FALSE) -> 44354 | Q44: =VLOOKUP(D44, SURVLOOKUP!$A:$Q, 11, FALSE) -> 45531 | V44: =_xlfn.XLOOKUP(D44, OLDSURVLOOKUP!$A:$A, OLDSURVLOOKUP!V:V) -> 0 | W44: =VLOOKUP(D44, SURVLOOKUP!$A:$Q, 14, FALSE) -> 0 | X44: =_xlfn.XLOOKUP(D44, OLDSURVLOOKUP!$A:$A, OLDSURVLOOKUP!X:X) -> 0 | Y44: =VLOOKUP(D44, SURVLOOKUP!$A:$Q, 15, FALSE) -> 0 | Z44: =IF(V44=0, DATEDIF(I44,P44,"M")+DATEDIF(I44,P44,"MD")/DAY(EOMONTH(I44,0)), DATEDIF(I44,R44,"M")+DATEDIF(I44,R44,"MD")/DAY(EOMONTH(I44,0))) -> 9.4516129 | AA44: =IF(W44=0, DATEDIF(I44,Q44,"M")+DATEDIF(I44,Q44,"MD")/DAY(EOMONTH(I44,0)), DATEDIF(I44,S44,"M")+DATEDIF(I44,S44,"MD")/DAY(EOMONTH(I44,0))) -> 48.096774 | AB44: =IF(X44=0, DATEDIF(I44,P44,"M")+DATEDIF(I44,P44,"MD")/DAY(EOMONTH(I44,0)), DATEDIF(I44,T44,"M")+DATEDIF(I44,T44,"MD")/DAY(EOMONTH(I44,0))) -> 9.4516129 | AC44: =IF(Y44=0, DATEDIF(I44,Q44,"M")+DATEDIF(I44,Q44,"MD")/DAY(EOMONTH(I44,0)), DATEDIF(I44,U44,"M")+DATEDIF(I44,U44,"MD")/DAY(EOMONTH(I44,0))) -> 48.096774 | AD44: =IF(V44=0, DATEDIF(J44,P44,"M")+DATEDIF(J44,P44,"MD")/DAY(EOMONTH(J44,0)), DATEDIF(J44,R44,"M")+DATEDIF(J44,R44,"MD")/DAY(EOMONTH(J44,0))) -> 9.2258065 | AE44: =IF(W44=0, DATEDIF(J44,Q44,"M")+DATEDIF(J44,Q44,"MD")/DAY(EOMONTH(J44,0)), DATEDIF(J44,S44,"M")+DATEDIF(J44,S44,"MD")/DAY(EOMONTH(J44,0))) -> 47.870968 | AF44: =IF(X44=0, DATEDIF(J44,P44,"M")+DATEDIF(J44,P44,"MD")/DAY(EOMONTH(J44,0)), DATEDIF(J44,T44,"M")+DATEDIF(J44,T44,"MD")/DAY(EOMONTH(J44,0))) -> 9.2258065 | AG44: =IF(Y44=0, DATEDIF(J44,Q44,"M")+DATEDIF(J44,Q44,"MD")/DAY(EOMONTH(J44,0)), DATEDIF(J44,U44,"M")+DATEDIF(J44,U44,"MD")/DAY(EOMONTH(J44,0))) -> 47.870968 | AH44: =IF(V44=0, DATEDIF(M44,P44,"M")+DATEDIF(M44,P44,"MD")/DAY(EOMONTH(M44,0)), DATEDIF(M44,R44,"M")+DATEDIF(M44,R44,"MD")/DAY(EOMONTH(M44,0))) -> 8.3333333 | AI44: =IF(W44=0, DATEDIF(M44,Q44,"M")+DATEDIF(M44,Q44,"MD")/DAY(EOMONTH(M44,0)), DATEDIF(M44,S44,"M")+DATEDIF(M44,S44,"MD")/DAY(EOMONTH(M44,0))) -> 47 | AJ44: =IF(X44=0, DATEDIF(M44,P44,"M")+DATEDIF(M44,P44,"MD")/DAY(EOMONTH(M44,0)), DATEDIF(M44,T44,"M")+DATEDIF(M44,T44,"MD")/DAY(EOMONTH(M44,0))) -> 8.3333333 | AK44: =IF(Y44=0, DATEDIF(M44,Q44,"M")+DATEDIF(M44,Q44,"MD")/DAY(EOMONTH(M44,0)), DATEDIF(M44,U44,"M")+DATEDIF(M44,U44,"MD")/DAY(EOMONTH(M44,0))) -> 47 | AL44: =IF(MID(A44,FIND("_",A44)-1,1)="2", 2, 1) -> 2 | AM44: =IFERROR( CHOOSE( VALUE(MID(D44, FIND("-", D44) - 1, 1)), "University of Cincinnati", "Ohio State University", "Medical University of South Carolina", "University of Michigan", "University of Louisville", "MD Anderson" ), "Unknown" ) -> University of Michigan | AN44: 0 | AO44: 17 | AP44: =VLOOKUP(D44, METADATALOOKUP!$A:$AI, 7, FALSE) -> 50 | AQ44: =VLOOKUP(D44, METADATALOOKUP!$A:$AI, 8, FALSE) -> Male | AR44: =VLOOKUP(D44, METADATALOOKUP!$A:$AI, 9, FALSE) -> White | AS44: =VLOOKUP(D44, METADATALOOKUP!$A:$AI, 11, FALSE) -> Yes | AT44: =VLOOKUP(D44, METADATALOOKUP!$A:$AI, 10, FALSE) -> Non-Hispanic | AU44: =VLOOKUP(D44, METADATALOOKUP!$A:$AI, 12, FALSE) -> Yes | AV44: =VLOOKUP(D44, METADATALOOKUP!$A:$AI, 14, FALSE) -> cT3N2bM0 | AW44: =VLOOKUP(D44, METADATALOOKUP!$A:$AI, 6, FALSE) -> High | AX44: =VLOOKUP(D44, METADATALOOKUP!$A:$AI, 19, FALSE) -> Unknown | AY44: =LOOKUP(D44, SURVLOOKUP!$A:$A, SURVLOOKUP!$P:$P) -> 1 | AZ44: 0 | BA44: =TEXT(VLOOKUP(D44, METADATALOOKUP!$A:$AI, 34, FALSE), "@") -> <10% | BB44: =IF(AZ44=0, "Non-Responder", "Responder") -> Non-Responder | BC44: 0.236 | BE44: 24 | BF44: 4.237288 | BG44: 45.76271 | BH44: 26 | BI44: 0.961538 | BJ44: UDI0207 | BK44: ACATGATA | BL44: CGTAGATA
A45: Pilot2_48 | B45: =VLOOKUP(A45, IDSLOOKUP!C:E, 2, FALSE) -> Day 0 | C45: =VLOOKUP(D45, METADATALOOKUP!$A:$AI, 13, FALSE) -> Oral Cavity | D45: =VLOOKUP(A45, IDSLOOKUP!C:E, 3, FALSE) -> HN04-16 | E45: =VLOOKUP(A45,CFDNALOOKUP!AG:AI,2,FALSE) -> 44091 | F45: =VLOOKUP(A45,CFDNALOOKUP!AG:AI,3,FALSE) -> 44179 | G45: =VLOOKUP(D45, SURVLOOKUP!$A:$Q, 2, FALSE) -> 44054 | H45: =VLOOKUP(D45, SURVLOOKUP!$A:$Q, 3, FALSE) -> 44063 | I45: =VLOOKUP(D45, SURVLOOKUP!$A:$Q, 4, FALSE) -> 44067 | J45: =VLOOKUP(D45, SURVLOOKUP!$A:$Q, 5, FALSE) -> 44074 | K45: =VLOOKUP(D45, SURVLOOKUP!$A:$Q, 6, FALSE) -> 44109 | L45: =VLOOKUP(D45, SURVLOOKUP!$A:$Q, 7, FALSE) -> 44154 | M45: =VLOOKUP(D45, SURVLOOKUP!$A:$Q, 8, FALSE) -> 44102 | N45: =VLOOKUP(D45, SURVLOOKUP!$A:$Q, 9, FALSE) -> 44217 | O45: =VLOOKUP(D45, SURVLOOKUP!$A:$Q, 10, FALSE) -> NA | P45: =VLOOKUP(D45, OLDSURVLOOKUP!$A:$AA, 19, FALSE) -> 44354 | Q45: =VLOOKUP(D45, SURVLOOKUP!$A:$Q, 11, FALSE) -> 45531 | V45: =_xlfn.XLOOKUP(D45, OLDSURVLOOKUP!$A:$A, OLDSURVLOOKUP!V:V) -> 0 | W45: =VLOOKUP(D45, SURVLOOKUP!$A:$Q, 14, FALSE) -> 0 | X45: =_xlfn.XLOOKUP(D45, OLDSURVLOOKUP!$A:$A, OLDSURVLOOKUP!X:X) -> 0 | Y45: =VLOOKUP(D45, SURVLOOKUP!$A:$Q, 15, FALSE) -> 0 | Z45: =IF(V45=0, DATEDIF(I45,P45,"M")+DATEDIF(I45,P45,"MD")/DAY(EOMONTH(I45,0)), DATEDIF(I45,R45,"M")+DATEDIF(I45,R45,"MD")/DAY(EOMONTH(I45,0))) -> 9.4516129 | AA45: =IF(W45=0, DATEDIF(I45,Q45,"M")+DATEDIF(I45,Q45,"MD")/DAY(EOMONTH(I45,0)), DATEDIF(I45,S45,"M")+DATEDIF(I45,S45,"MD")/DAY(EOMONTH(I45,0))) -> 48.096774 | AB45: =IF(X45=0, DATEDIF(I45,P45,"M")+DATEDIF(I45,P45,"MD")/DAY(EOMONTH(I45,0)), DATEDIF(I45,T45,"M")+DATEDIF(I45,T45,"MD")/DAY(EOMONTH(I45,0))) -> 9.4516129 | AC45: =IF(Y45=0, DATEDIF(I45,Q45,"M")+DATEDIF(I45,Q45,"MD")/DAY(EOMONTH(I45,0)), DATEDIF(I45,U45,"M")+DATEDIF(I45,U45,"MD")/DAY(EOMONTH(I45,0))) -> 48.096774 | AD45: =IF(V45=0, DATEDIF(J45,P45,"M")+DATEDIF(J45,P45,"MD")/DAY(EOMONTH(J45,0)), DATEDIF(J45,R45,"M")+DATEDIF(J45,R45,"MD")/DAY(EOMONTH(J45,0))) -> 9.2258065 | AE45: =IF(W45=0, DATEDIF(J45,Q45,"M")+DATEDIF(J45,Q45,"MD")/DAY(EOMONTH(J45,0)), DATEDIF(J45,S45,"M")+DATEDIF(J45,S45,"MD")/DAY(EOMONTH(J45,0))) -> 47.870968 | AF45: =IF(X45=0, DATEDIF(J45,P45,"M")+DATEDIF(J45,P45,"MD")/DAY(EOMONTH(J45,0)), DATEDIF(J45,T45,"M")+DATEDIF(J45,T45,"MD")/DAY(EOMONTH(J45,0))) -> 9.2258065 | AG45: =IF(Y45=0, DATEDIF(J45,Q45,"M")+DATEDIF(J45,Q45,"MD")/DAY(EOMONTH(J45,0)), DATEDIF(J45,U45,"M")+DATEDIF(J45,U45,"MD")/DAY(EOMONTH(J45,0))) -> 47.870968 | AH45: =IF(V45=0, DATEDIF(M45,P45,"M")+DATEDIF(M45,P45,"MD")/DAY(EOMONTH(M45,0)), DATEDIF(M45,R45,"M")+DATEDIF(M45,R45,"MD")/DAY(EOMONTH(M45,0))) -> 8.3333333 | AI45: =IF(W45=0, DATEDIF(M45,Q45,"M")+DATEDIF(M45,Q45,"MD")/DAY(EOMONTH(M45,0)), DATEDIF(M45,S45,"M")+DATEDIF(M45,S45,"MD")/DAY(EOMONTH(M45,0))) -> 47 | AJ45: =IF(X45=0, DATEDIF(M45,P45,"M")+DATEDIF(M45,P45,"MD")/DAY(EOMONTH(M45,0)), DATEDIF(M45,T45,"M")+DATEDIF(M45,T45,"MD")/DAY(EOMONTH(M45,0))) -> 8.3333333 | AK45: =IF(Y45=0, DATEDIF(M45,Q45,"M")+DATEDIF(M45,Q45,"MD")/DAY(EOMONTH(M45,0)), DATEDIF(M45,U45,"M")+DATEDIF(M45,U45,"MD")/DAY(EOMONTH(M45,0))) -> 47 | AL45: =IF(MID(A45,FIND("_",A45)-1,1)="2", 2, 1) -> 2 | AM45: =IFERROR( CHOOSE( VALUE(MID(D45, FIND("-", D45) - 1, 1)), "University of Cincinnati", "Ohio State University", "Medical University of South Carolina", "University of Michigan", "University of Louisville", "MD Anderson" ), "Unknown" ) -> University of Michigan | AN45: 0 | AO45: 17 | AP45: =VLOOKUP(D45, METADATALOOKUP!$A:$AI, 7, FALSE) -> 50 | AQ45: =VLOOKUP(D45, METADATALOOKUP!$A:$AI, 8, FALSE) -> Male | AR45: =VLOOKUP(D45, METADATALOOKUP!$A:$AI, 9, FALSE) -> White | AS45: =VLOOKUP(D45, METADATALOOKUP!$A:$AI, 11, FALSE) -> Yes | AT45: =VLOOKUP(D45, METADATALOOKUP!$A:$AI, 10, FALSE) -> Non-Hispanic | AU45: =VLOOKUP(D45, METADATALOOKUP!$A:$AI, 12, FALSE) -> Yes | AV45: =VLOOKUP(D45, METADATALOOKUP!$A:$AI, 14, FALSE) -> cT3N2bM0 | AW45: =VLOOKUP(D45, METADATALOOKUP!$A:$AI, 6, FALSE) -> High | AX45: =VLOOKUP(D45, METADATALOOKUP!$A:$AI, 19, FALSE) -> Unknown | AY45: =LOOKUP(D45, SURVLOOKUP!$A:$A, SURVLOOKUP!$P:$P) -> 1 | AZ45: 0 | BA45: =TEXT(VLOOKUP(D45, METADATALOOKUP!$A:$AI, 34, FALSE), "@") -> <10% | BB45: =IF(AZ45=0, "Non-Responder", "Responder") -> Non-Responder | BC45: 0.36 | BE45: 24 | BF45: 2.777778 | BG45: 47.22222 | BH45: 26.2 | BI45: 0.954198 | BJ45: UDI0279 | BK45: GAATTACG | BL45: CAAGGAGA
A46: Pilot2_49 | B46: =VLOOKUP(A46, IDSLOOKUP!C:E, 2, FALSE) -> Screen | C46: =VLOOKUP(D46, METADATALOOKUP!$A:$AI, 13, FALSE) -> Oral Cavity | D46: =VLOOKUP(A46, IDSLOOKUP!C:E, 3, FALSE) -> HN05-03 | E46: =VLOOKUP(A46,CFDNALOOKUP!AG:AI,2,FALSE) -> 44091 | F46: =VLOOKUP(A46,CFDNALOOKUP!AG:AI,3,FALSE) -> 44179 | G46: =VLOOKUP(D46, SURVLOOKUP!$A:$Q, 2, FALSE) -> 43473 | H46: =VLOOKUP(D46, SURVLOOKUP!$A:$Q, 3, FALSE) -> 43490 | I46: =VLOOKUP(D46, SURVLOOKUP!$A:$Q, 4, FALSE) -> 43496 | J46: =VLOOKUP(D46, SURVLOOKUP!$A:$Q, 5, FALSE) -> 43508 | K46: =VLOOKUP(D46, SURVLOOKUP!$A:$Q, 6, FALSE) -> 43550 | L46: =VLOOKUP(D46, SURVLOOKUP!$A:$Q, 7, FALSE) -> 43588 | M46: =VLOOKUP(D46, SURVLOOKUP!$A:$Q, 8, FALSE) -> 43542 | N46: =VLOOKUP(D46, SURVLOOKUP!$A:$Q, 9, FALSE) -> 43647 | O46: =VLOOKUP(D46, SURVLOOKUP!$A:$Q, 10, FALSE) -> NA | P46: =VLOOKUP(D46, OLDSURVLOOKUP!$A:$AA, 19, FALSE) -> 44281 | Q46: =VLOOKUP(D46, SURVLOOKUP!$A:$Q, 11, FALSE) -> 45317 | V46: =_xlfn.XLOOKUP(D46, OLDSURVLOOKUP!$A:$A, OLDSURVLOOKUP!V:V) -> 0 | W46: =VLOOKUP(D46, SURVLOOKUP!$A:$Q, 14, FALSE) -> 0 | X46: =_xlfn.XLOOKUP(D46, OLDSURVLOOKUP!$A:$A, OLDSURVLOOKUP!X:X) -> 0 | Y46: =VLOOKUP(D46, SURVLOOKUP!$A:$Q, 15, FALSE) -> 0 | Z46: =IF(V46=0, DATEDIF(I46,P46,"M")+DATEDIF(I46,P46,"MD")/DAY(EOMONTH(I46,0)), DATEDIF(I46,R46,"M")+DATEDIF(I46,R46,"MD")/DAY(EOMONTH(I46,0))) -> 25.741935 | AA46: =IF(W46=0, DATEDIF(I46,Q46,"M")+DATEDIF(I46,Q46,"MD")/DAY(EOMONTH(I46,0)), DATEDIF(I46,S46,"M")+DATEDIF(I46,S46,"MD")/DAY(EOMONTH(I46,0))) -> 59.83871 | AB46: =IF(X46=0, DATEDIF(I46,P46,"M")+DATEDIF(I46,P46,"MD")/DAY(EOMONTH(I46,0)), DATEDIF(I46,T46,"M")+DATEDIF(I46,T46,"MD")/DAY(EOMONTH(I46,0))) -> 25.741935 | AC46: =IF(Y46=0, DATEDIF(I46,Q46,"M")+DATEDIF(I46,Q46,"MD")/DAY(EOMONTH(I46,0)), DATEDIF(I46,U46,"M")+DATEDIF(I46,U46,"MD")/DAY(EOMONTH(I46,0))) -> 59.83871 | AD46: =IF(V46=0, DATEDIF(J46,P46,"M")+DATEDIF(J46,P46,"MD")/DAY(EOMONTH(J46,0)), DATEDIF(J46,R46,"M")+DATEDIF(J46,R46,"MD")/DAY(EOMONTH(J46,0))) -> 25.5 | AE46: =IF(W46=0, DATEDIF(J46,Q46,"M")+DATEDIF(J46,Q46,"MD")/DAY(EOMONTH(J46,0)), DATEDIF(J46,S46,"M")+DATEDIF(J46,S46,"MD")/DAY(EOMONTH(J46,0))) -> 59.5 | AF46: =IF(X46=0, DATEDIF(J46,P46,"M")+DATEDIF(J46,P46,"MD")/DAY(EOMONTH(J46,0)), DATEDIF(J46,T46,"M")+DATEDIF(J46,T46,"MD")/DAY(EOMONTH(J46,0))) -> 25.5 | AG46: =IF(Y46=0, DATEDIF(J46,Q46,"M")+DATEDIF(J46,Q46,"MD")/DAY(EOMONTH(J46,0)), DATEDIF(J46,U46,"M")+DATEDIF(J46,U46,"MD")/DAY(EOMONTH(J46,0))) -> 59.5 | AH46: =IF(V46=0, DATEDIF(M46,P46,"M")+DATEDIF(M46,P46,"MD")/DAY(EOMONTH(M46,0)), DATEDIF(M46,R46,"M")+DATEDIF(M46,R46,"MD")/DAY(EOMONTH(M46,0))) -> 24.258065 | AI46: =IF(W46=0, DATEDIF(M46,Q46,"M")+DATEDIF(M46,Q46,"MD")/DAY(EOMONTH(M46,0)), DATEDIF(M46,S46,"M")+DATEDIF(M46,S46,"MD")/DAY(EOMONTH(M46,0))) -> 58.258065 | AJ46: =IF(X46=0, DATEDIF(M46,P46,"M")+DATEDIF(M46,P46,"MD")/DAY(EOMONTH(M46,0)), DATEDIF(M46,T46,"M")+DATEDIF(M46,T46,"MD")/DAY(EOMONTH(M46,0))) -> 24.258065 | AK46: =IF(Y46=0, DATEDIF(M46,Q46,"M")+DATEDIF(M46,Q46,"MD")/DAY(EOMONTH(M46,0)), DATEDIF(M46,U46,"M")+DATEDIF(M46,U46,"MD")/DAY(EOMONTH(M46,0))) -> 58.258065 | AL46: =IF(MID(A46,FIND("_",A46)-1,1)="2", 2, 1) -> 2 | AM46: =IFERROR( CHOOSE( VALUE(MID(D46, FIND("-", D46) - 1, 1)), "University of Cincinnati", "Ohio State University", "Medical University of South Carolina", "University of Michigan", "University of Louisville", "MD Anderson" ), "Unknown" ) -> University of Louisville | AN46: 0 | AO46: 18 | AP46: =VLOOKUP(D46, METADATALOOKUP!$A:$AI, 7, FALSE) -> 35 | AQ46: =VLOOKUP(D46, METADATALOOKUP!$A:$AI, 8, FALSE) -> Male | AR46: =VLOOKUP(D46, METADATALOOKUP!$A:$AI, 9, FALSE) -> White | AS46: =VLOOKUP(D46, METADATALOOKUP!$A:$AI, 11, FALSE) -> No | AT46: =VLOOKUP(D46, METADATALOOKUP!$A:$AI, 10, FALSE) -> Non-Hispanic | AU46: =VLOOKUP(D46, METADATALOOKUP!$A:$AI, 12, FALSE) -> No | AV46: =VLOOKUP(D46, METADATALOOKUP!$A:$AI, 14, FALSE) -> T3N1M0 | AW46: =VLOOKUP(D46, METADATALOOKUP!$A:$AI, 6, FALSE) -> Intermediate | AX46: =VLOOKUP(D46, METADATALOOKUP!$A:$AI, 19, FALSE) -> Unknown | AY46: =LOOKUP(D46, SURVLOOKUP!$A:$A, SURVLOOKUP!$P:$P) -> 1 | AZ46: 1 | BA46: =TEXT(VLOOKUP(D46, METADATALOOKUP!$A:$AI, 34, FALSE), "@") -> 10-20% (20-30% fib) | BB46: =IF(AZ46=0, "Non-Responder", "Responder") -> Responder | BC46: 0.254 | BE46: 24 | BF46: 3.937008 | BG46: 46.06299 | BH46: 13.7 | BI46: 1.824818 | BJ46: UDI0219 | BK46: ACAATGCC | BL46: CGTCCTTA
